"groups","barcode_seq"
"cluster0","CGAACATGTCTGCCAG"
"cluster5","ATTTCTGCAAGCTGAG"
"cluster5","TTGTAGGTCAGTGTTG"
"cluster0","TGGCGCAGTACGCACC"
"cluster0","TCAGGATTCACCCGAG"
"cluster5","ACCGTAACAAGCGTAG"
"cluster2","TGGACGCAGAACTGTA"
"cluster3","TGGTTCCAGGTGTGGT"
"cluster2","TCGTACCTCCTTGCCA"
"cluster5","AAGCCGCGTGTGAATA"
"cluster3","CCTCAGTCATCGACGC"
"cluster0","CAAGAAACATATACCG"
"cluster0","GACTAACTCCAAAGTC"
"cluster3","GATCGCGCATCCCACT"
"cluster5","GAACGGAGTCGCATCG"
"cluster3","GGTGCGTAGAACAACT"
"cluster4","CAGCTGGGTGCCTGGT"
"cluster5","GACACGCGTATCTGCA"
"cluster3","GTGTGCGCATTGTGCA"
"cluster2","CCTTACGTCACGCATA"
"cluster2","TCTCTAACAATGAAAC"
"cluster3","CTGTGCTTCCGATATG"
"cluster0","GATGAGGAGAACAACT"
"cluster2","CGGACTGCAAGAAGAG"
"cluster5","ATCCGAATCTGGCGAC"
"cluster5","CAAGGCCCAAGCGTAG"
"cluster2","CTCGTACGTACTTGAC"
"cluster0","GTACGTATCTTCATGT"
"cluster3","GAGTCCGCATTGGTAC"
"cluster2","CGCCAAGCATCCGCGA"
"cluster6","CGTGAGCCACATTCGA"
"cluster3","GTAACTGAGATGAGAG"
"cluster0","GGATGTTAGGTTACCT"
"cluster0","TCGCGAGGTCTAGAGG"
"cluster2","CGGACTGAGTTGAGTA"
"cluster0","CTAATGGGTCGCATCG"
"cluster5","GCACATAAGCAGACTG"
"cluster0","CTTGGCTCATTGAGCT"
"cluster2","ACTGAACCACAACGCC"
"cluster3","TGGACGCAGAAGATTC"
"cluster2","GTCGTAATCCTTGCCA"
"cluster2","CTTACCGAGAAACCTA"
"cluster3","GCTGCGAAGGCATGGT"
"cluster3","AGACGTTCAATGGTCT"
"cluster4","TGATTTCGTGACGGTA"
"cluster4","CATCGAACAGATGGGT"
"cluster2","GCTCTGTTCTGGTATG"
"cluster4","GGGTCTGAGCGAAGGG"
"cluster2","CTAACTTTCAGCTGGC"
"cluster2","TTGTAGGTCTTACCTA"
"cluster2","TTTATGCAGACTAGAT"
"cluster2","TAGCCGGTCTCCAACC"
"cluster4","CGTAGGCCAAGGGTCA"
"cluster4","TAGCCGGTCCTGTACC"
"cluster6","TACCTATTCACTGGGC"
"cluster6","GCCTCTAGTCTCCACT"
"cluster6","CCGTACTGTGCAGACA"
"cluster2","GCACATAAGTCCTCCT"
"cluster4","GGCCGATAGCACAGGT"
"cluster0","CAGCAGCTCATAAAGG"
"cluster4","TACCTTATCCGCGCAA"
"cluster0","AAGTCTGTCGTACGGC"
"cluster4","TCAGGATCAGGTCCAC"
"cluster6","TACGGATTCTCTGCTG"
"cluster0","TAGAGCTCAATGACCT"
"cluster6","CCTATTATCAGTCCCT"
"cluster6","CAGCTAAGTCTCGTTC"
"cluster6","TAAACCGAGCGTAATA"
"cluster4","GTGGGTCCATTAGCCA"
"cluster1","AGCTCCTTCAGGATCT"
"cluster0","CGAGAAGTCTCCGGTT"
"cluster5","CTGAAGTAGAGCCCAA"
"cluster0","GAATGAAAGTACCGGA"
"cluster1","TCAATCTGTTACCAGT"
"cluster2","GAGCAGATCCGCGCAA"
"cluster6","CTGTTTATCTCGGACG"
"cluster1","CCTCAGTCAAATCCGT"
"cluster1","CTGCCTAAGGCGCTCT"
"cluster0","TGAGGGACATGGTTGT"
"cluster4","TTCGGTCGTGCTGTAT"
"cluster1","CCTTACGGTCATACTG"
"cluster0","GGCTGGTAGAGTGAGA"
"cluster5","TGCACCTGTCATCCCT"
"cluster5","GTCTTCGCATTGTGCA"
"cluster2","AGATCTGGTTGGTGGA"
"cluster1","GCTGCGATCATTTGGG"
"cluster1","AACTTTCCACAGACTT"
"cluster1","CTGCCTATCAACCATG"
"cluster6","CAGCAGCCAGCGATCC"
"cluster0","GAACGGACAAGAGTCG"
"cluster6","GATTCAGTCACGGTTA"
"cluster0","GCCAAATAGTTAACGA"
"cluster6","CGTCAGGGTGGTTTCA"
"cluster0","TTGGAACCAACGCACC"
"cluster6","GACCTGGTCGCAGGCT"
"cluster1","CTACACCAGCCACTAT"
"cluster1","GTGTTAGTCGGTTCGG"
"cluster1","ACGCCGACAGATCCAT"
"cluster1","TGCCCATAGTGAATTG"
"cluster1","TGTCCCACAAACTGTC"
"cluster1","TACTCGCTCACCACCT"
"cluster0","GCAATCATCAAGGCTT"
"cluster1","CATCGGGAGTGTACTC"
"cluster1","GGACAGAGTGAACCTT"
"cluster1","CCAGCGACACGGTAAG"
"cluster1","GACACGCTCGCCTGTT"
"cluster1","TTGTAGGGTGGGTATG"
"cluster1","CATGCCTCATGCCTTC"
"cluster1","CGACCTTTCTGTTGAG"
"cluster1","CTCGGGACATCAGTAC"
"cluster1","ACTGAGTCACAACGCC"
"cluster1","GGTGAAGCATCGTCGG"
"cluster6","GTTAAGCAGTATCGAA"
"cluster1","GGCAATTGTCCGCTGA"
"cluster1","GAATAAGCATCGATGT"
"cluster1","CTAGAGTTCCAAGCCG"
"cluster1","CGCTATCCAGAGTGTG"
"cluster3","ACTGTCCTCATATCGG"
"cluster1","ACGCCAGAGAAGGCCT"
"cluster1","CCTTCCCGTGTGCGTC"
"cluster1","TCTGAGACAATCAGAA"
"cluster1","ACGCCAGCATTATCTC"
"cluster1","TGCCAAAGTCATTAGC"
"cluster0","CATTCGCAGCAGATCG"
"cluster1","GAATAAGGTAACGTTC"
"cluster4","ATCGAGTTCTGCCCTA"
"cluster1","GTGTTAGTCACAAACC"
"cluster1","TTGACTTGTGGCGAAT"
"cluster1","TCAGCAAGTCGTTGTA"
"cluster1","TCGCGAGCACAGATTC"
"cluster1","TAAGAGAAGAATGTTG"
"cluster1","AGTGTCACATCGATGT"
"cluster1","ACTTTCAGTCAGGACA"
"cluster1","ACTATCTAGTCCGTAT"
"cluster1","CAGGTGCGTCTTCAAG"
"cluster1","GAATGAAGTTGTGGAG"
"cluster1","GGTGCGTGTTACGTCA"
"cluster1","ACGATGTGTCTCCACT"
"cluster1","GACTGCGTCATAACCG"
"cluster1","CGGGTCAGTAGTAGTA"
"cluster1","GCTTCCAGTCTCAACA"
"cluster0","CAGAGAGAGGGTCTCC"
"cluster0","TGGGAAGGTAGATTAG"
"cluster3","CCTTTCTAGCCAGTTT"
"cluster3","GTCATTTGTTGCGCAC"
"cluster5","CGATGTATCATGTGGT"
"cluster4","CTCATTATCGAGGTAG"
"cluster0","CGATGTACACCATGTA"
"cluster2","TCTGGAAGTATAGGGC"
"cluster3","ACAGCCGTCTTGAGAC"
"cluster5","AGCGGTCGTTCCAACA"
"cluster4","CCGTACTCAATCGGTT"
"cluster2","CCGTACTAGTAGGCCA"
"cluster3","CGGACACGTCTCAACA"
"cluster2","ACGTCAAGTATGCTTG"
"cluster3","TCAGGATAGTACCGGA"
"cluster5","TGATTTCCACGGTAAG"
"cluster4","GGACAGACACAGCCCA"
"cluster5","CCAATCCAGTCATGCT"
"cluster0","ATCATCTTCCGTAGGC"
"cluster0","CACCACTCAGTAGAGC"
"cluster0","CACCTTGTCTGCAGTA"
"cluster6","AGCGGTCGTTATCACG"
"cluster0","ACACCGGAGGAGTACC"
"cluster0","AGCGTATTCTATCCTA"
"cluster0","GCGAGAAAGAGCTTCT"
"cluster4","GACGTGCTCGTCGTTC"
"cluster6","TTATGCTCACGTCAGC"
"cluster0","TCAGGATAGAAGGTTT"
"cluster2","TGATTTCAGATGTGTA"
"cluster0","GGGTTGCAGATGCCAG"
"cluster5","AGAATAGAGGAGTACC"
"cluster4","GGGCACTTCTGTTGAG"
"cluster0","TTAGGACGTATAGGTA"
"cluster0","CGGAGTCCACAGGAGT"
"cluster6","CTGATCCCAGATTGCT"
"cluster4","CTCGGGACATCACAAC"
"cluster0","TCTATTGGTGATGATA"
"cluster2","TCACAAGAGTTTAGGA"
"cluster5","CAGCATAAGACGACGT"
"cluster3","CATCGAACACATGACT"
"cluster1","ACAGCCGTCATACGGT"
"cluster1","AAGGCAGTCACCGGGT"
"cluster4","CGTCTACAGAGTGAGA"
"cluster2","TGCCCTACACCCAGTG"
"cluster4","TAGTTGGGTTCAACCA"
"cluster6","TAGGCATGTCTCCATC"
"cluster2","ACTGATGTCCAACCAA"
"cluster2","GTAGGCCTCTCGCATC"
"cluster4","AGTGAGGAGAACAACT"
"cluster5","AAAGCAAAGGACAGAA"
"cluster3","GGCTCGATCCTCCTAG"
"cluster0","TCAGATGCATTACGAC"
"cluster4","CGTGTCTCAGGCTGAA"
"cluster4","TCAGCTCAGACTTGAA"
"cluster0","CATTATCCATTCCTGC"
"cluster0","CTCCTAGCAGTTCATG"
"cluster0","AGTGTCAGTCATCGGC"
"cluster0","CCTAGCTGTCACCTAA"
"cluster0","ACGATACTCAGCATGT"
"cluster0","GCATGATTCTTGTTTG"
"cluster5","ACGAGGAGTGGCTCCA"
"cluster3","CGGACGTTCCGAGCCA"
"cluster3","CTCGGAGGTGTGGCTC"
"cluster2","CATGACACATTCACTT"
"cluster2","TTCTTAGCAGGGTTAG"
"cluster0","CAGCTAACAGTTAACC"
"cluster0","TAGCCGGGTCTGGTCG"
"cluster4","GTTCATTCACACAGAG"
"cluster3","GATCGTAAGTTCGCGC"
"cluster5","ACATACGAGCACACAG"
"cluster2","ACTGATGAGCTGTTCA"
"cluster1","ACGGAGATCTTAGAGC"
"cluster5","AAAGCAACAAGGTTCT"
"cluster2","AGATCTGTCTGTCAAG"
"cluster0","ATCGAGTTCCAATGGT"
"cluster2","TAAACCGAGTCAATAG"
"cluster5","GGTATTGTCACTCTTA"
"cluster2","GGGCACTGTTGTGGAG"
"cluster4","CGCCAAGTCGGAGCAA"
"cluster2","CAGAGAGTCATTGCCC"
"cluster2","TGGCTGGGTCATATCG"
"cluster2","GTTCTCGAGAGAACAG"
"cluster0","CCTAAAGGTGCCTGGT"
"cluster4","CATGCCTCAAAGGTGC"
"cluster6","CAACCTCGTGCACTTA"
"cluster2","CTAGAGTGTTGAACTC"
"cluster0","CAGCTAATCACCTCGT"
"cluster5","ATGAGGGTCACAAACC"
"cluster2","GACTAACAGCCCAGCT"
"cluster2","TAAACCGCATCGGACC"
"cluster2","CGCTGGATCCTTTCTC"
"cluster4","ACGAGCCCATTATCTC"
"cluster2","GGCGACTGTCCAAGTT"
"cluster0","GCGCAGTTCATGTGGT"
"cluster5","TTTGCGCCACTTACGA"
"cluster0","TGAGGGAGTCACCCAG"
"cluster2","GGGAATGCAAGCGATG"
"cluster0","CTTAACTGTAATCACC"
"cluster2","CTCTACGGTCATACTG"
"cluster5","CCTATTACAAACGCGA"
"cluster0","CATCGAATCGCAAACT"
