"groups","barcode_seq","status"
"H2228","AAACCCAAGATACGAT","SNG"
"H2228","AAACCCAAGATCACCT","DBL"
"H1975","AAACCCACATGAGAAT","SNG"
"A549","AAACGAATCAAACGAA","SNG"
"HCC827","AAAGAACAGAAACTCA","SNG"
"A549","AAAGAACAGCGATCGA","SNG"
"H1975","AAAGAACCAGAACCGA","SNG"
"H2228","AAAGAACGTTCGAACT","SNG"
"H1975","AAAGAACTCTTAGCTT","SNG"
"H1975","AAAGAACTCTTGGCTC","SNG"
"H8383","AAAGGATAGCCGATCC","SNG"
"H1975","AAAGGATGTTGTTTGG","SNG"
"H1975","AAAGGGCCACTAGGCC","SNG"
"A549","AAAGGTATCGGACGTC","SNG"
"HCC827","AAAGTCCAGCGGGTAT","SNG"
"H2228","AAAGTGACACGTCGTG","DBL"
"H8383","AAAGTGATCGGCTATA","SNG"
"H2228","AACAAAGAGCGTGAAC","SNG"
"A549","AACAAAGGTAACACGG","SNG"
"H2228","AACAACCTCGGAATGG","SNG"
"HCC827","AACAAGACAAAGTGTA","SNG"
"H2228","AACACACCATCCCGTT","SNG"
"H2228","AACAGGGTCCAGTGCG","SNG"
"H2228","AACCAACGTCGAATTC","DBL"
"H8383","AACCAACGTTGTCAGT","SNG"
"H1975","AACCACAAGTGACCTT","SNG"
"A549","AACCCAATCCAATCCC","SNG"
"HCC827","AACCTGAGTTCAAAGA","SNG"
"H1975","AACCTGATCACAAGAA","SNG"
"H8383","AACCTTTAGCTAAACA","SNG"
"A549","AACCTTTGTAGAGGAA","SNG"
"HCC827","AACCTTTGTTCAAGGG","SNG"
"H1975","AACGAAACAGCCATTA","SNG"
"H1975","AACGGGACATTCACAG","SNG"
"H8383","AACGTCAGTAGGAAAG","SNG"
"A549","AACTTCTCAAGAGTAT","SNG"
"HCC827","AACTTCTTCTTGCAGA","DBL"
"H1975","AAGAACAAGAATACAC","SNG"
"H1975","AAGAACATCCTACAAG","SNG"
"HCC827","AAGACAAAGCACCCAC","SNG"
"A549","AAGACTCCAATTTCTC","SNG"
"H8383","AAGACTCGTATCTCTT","SNG"
"H1975","AAGATAGTCGGTCTAA","SNG"
"HCC827","AAGCATCGTACGCTAT","SNG"
"HCC827","AAGCATCTCCTACAAG","DBL"
"HCC827","AAGCCATAGCAAATGT","SNG"
"H2228","AAGCCATGTAGACGGT","SNG"
"HCC827","AAGCGAGAGAACAAGG","SNG"
"H8383","AAGCGAGCACGGAAGT","SNG"
"A549","AAGCGAGTCTCAGAAC","SNG"
"H1975","AAGCGTTTCAGCTGTA","SNG"
"HCC827","AAGGAATAGACGGAAA","DBL"
"HCC827","AAGGAATGTCGCGGTT","SNG"
"HCC827","AAGTACCAGTCTAGCT","SNG"
"H2228","AAGTACCTCCGGCTTT","SNG"
"H1975","AAGTCGTCAGTAGGAC","DBL"
"H1975","AAGTTCGAGGTAGATT","SNG"
"H1975","AAGTTCGCAGAGGACT","SNG"
"H8383","AAGTTCGGTCCCGCAA","SNG"
"HCC827","AAGTTCGTCAGTGGGA","SNG"
"H2228","AAGTTCGTCCCGTTGT","SNG"
"A549","AATAGAGGTGAGTGAC","SNG"
"H8383","AATCACGAGTCCCAAT","SNG"
"A549","AATCACGCAAGTGGAC","SNG"
"H2228","AATCACGGTCCTCCTA","SNG"
"H2228","AATCGACAGGGTGGGA","SNG"
"H1975","AATCGACGTGGACTGA","DBL"
"H2228","AATCGACTCGAGTGGA","SNG"
"H8383","AATCGACTCGTTTACT","SNG"
"HCC827","AATGAAGAGAGCATCG","SNG"
"A549","AATGAAGAGGAAAGTG","SNG"
"A549","AATGAAGTCCTACCAC","SNG"
"H1975","AATGACCAGCTGGCTC","SNG"
"H1975","AATGACCTCCACGTGG","SNG"
"HCC827","AATGCCAAGCTTCTAG","SNG"
"A549","AATGGAAGTAATACCC","SNG"
"A549","AATGGAAGTCGTGGTC","SNG"
"A549","AATTCCTCACACACTA","SNG"
"A549","AATTCCTTCATGGCCG","SNG"
"H1975","AATTTCCTCCGCCTAT","SNG"
"H1975","ACAAAGACAAACTAGA","SNG"
"H2228","ACAAAGAGTCGCACAC","SNG"
"H8383","ACAACCAAGGAGTATT","SNG"
"A549","ACAACCAAGTCAGGGT","SNG"
"HCC827","ACACAGTAGCTACTGT","SNG"
"HCC827","ACACCAAGTCTTGGTA","SNG"
"HCC827","ACACCAAGTGCACATT","SNG"
"A549","ACACGCGAGGTTCTTG","SNG"
"A549","ACACGCGCAGCACAAG","SNG"
"HCC827","ACACTGAAGAAACACT","DBL"
"H8383","ACACTGAAGATAGCTA","SNG"
"HCC827","ACACTGAAGTTGCGCC","SNG"
"HCC827","ACACTGACATAGAGGC","SNG"
"H8383","ACAGAAAAGACTAGAT","SNG"
"H1975","ACAGAAAGTGGGCTTC","SNG"
"H8383","ACAGAAATCGCTCCTA","SNG"
"H2228","ACAGCCGGTTGCGAAG","SNG"
"H8383","ACAGGGAAGTCAATCC","SNG"
"H1975","ACAGGGATCTAAGGAA","SNG"
"A549","ACATGCAAGCCAACCC","SNG"
"A549","ACATGCACACTACCGG","SNG"
"H1975","ACATGCATCTCCCATG","SNG"
"HCC827","ACATTTCTCACCTTGC","SNG"
"H1975","ACCAAACCAGCCATTA","SNG"
"HCC827","ACCAACATCCACACAA","SNG"
"HCC827","ACCACAAAGCGTGAGT","SNG"
"H2228","ACCACAAAGGTATTGA","SNG"
"H1975","ACCACAAGTAGTTAGA","SNG"
"H1975","ACCACAAGTATTGGCT","SNG"
"H1975","ACCATTTAGGCGTCCT","SNG"
"H2228","ACCATTTAGGCTAGCA","SNG"
"HCC827","ACCATTTGTTTGGGTT","SNG"
"H2228","ACCATTTTCAAGGAGC","SNG"
"H1975","ACCCAAAAGGGCAGTT","SNG"
"HCC827","ACCCAAAGTAGGACTG","SNG"
"A549","ACCCTTGCAATCAGCT","SNG"
"H8383","ACCCTTGGTATAGCTC","SNG"
"A549","ACCGTTCCAGACGCTC","DBL"
"H8383","ACCGTTCTCTTGGGCG","SNG"
"A549","ACCTACCGTGACTAAA","SNG"
"A549","ACCTGAAAGGTTACAA","SNG"
"HCC827","ACCTGAATCACCATAG","SNG"
"H1975","ACCTGTCGTGCACAAG","SNG"
"H1975","ACCTGTCTCACCCTCA","SNG"
"H2228","ACGGAAGGTAGGGAGG","SNG"
"H1975","ACGGAAGGTCACCGCA","SNG"
"H8383","ACGGAAGTCCATACAG","SNG"
"H2228","ACGGAAGTCGACGAGA","SNG"
"A549","ACGGGTCAGAGAGAAC","SNG"
"HCC827","ACGGTCGAGGTTTACC","SNG"
"A549","ACGGTCGCAAGTTCGT","SNG"
"H1975","ACGGTCGGTTGGAGGT","SNG"
"H2228","ACGGTTAAGCAATTAG","SNG"
"A549","ACGGTTACATCCGTTC","SNG"
"A549","ACGTAACCATGCAGCC","SNG"
"A549","ACGTAACCATTCTCTA","SNG"
"A549","ACGTAACGTTGCGGCT","SNG"
"HCC827","ACGTACAGTAGCTCGC","SNG"
"HCC827","ACGTAGTTCGGTGTAT","SNG"
"H1975","ACGTCCTTCAAGGAGC","SNG"
"H1975","ACGTCCTTCCGCTGTT","SNG"
"A549","ACGTTCCGTATACGGG","SNG"
"H1975","ACGTTCCGTCTACGAT","SNG"
"A549","ACTATCTCATACAGGG","SNG"
"H2228","ACTATCTGTCAAAGAT","SNG"
"A549","ACTATCTTCCTAGCGG","SNG"
"HCC827","ACTATGGCAACGGGTA","SNG"
"H2228","ACTATGGCAAGCGAAC","SNG"
"A549","ACTATGGCAAGGGCAT","SNG"
"H1975","ACTATGGGTCTTGGTA","SNG"
"H1975","ACTATTCCAACCACAT","DBL"
"A549","ACTCCCAGTAGATCGG","SNG"
"H8383","ACTCCCAGTGGTCTCG","SNG"
"A549","ACTCTCGGTAGGACCA","SNG"
"HCC827","ACTGATGAGATTCGCT","SNG"
"HCC827","ACTGATGAGTCTACCA","SNG"
"H1975","ACTGATGTCGACGATT","SNG"
"A549","ACTGCAAAGGAACTAT","SNG"
"H1975","ACTGCAAGTGGAGGTT","SNG"
"HCC827","ACTGCAATCACAAGGG","SNG"
"HCC827","ACTGCAATCCAGCTCT","SNG"
"H1975","ACTGTCCTCACTAGCA","SNG"
"H1975","ACTGTGACAGCTGTCG","SNG"
"A549","ACTGTGAGTGGACCAA","SNG"
"A549","ACTTAGGCAGCTGTAT","DBL"
"H2228","ACTTAGGTCAAGAAAC","DBL"
"H2228","ACTTATCCAACTTGGT","SNG"
"H8383","ACTTATCCAGCGCTTG","SNG"
"H1975","ACTTCCGTCTCGAGTA","DBL"
"H1975","ACTTCGCAGCGAGTAC","SNG"
"A549","ACTTCGCCATGACTCA","SNG"
"H2228","ACTTTGTCAGTGGTGA","SNG"
"A549","AGAAATGAGAGGATCC","SNG"
"H1975","AGAAATGCAAGATTGA","SNG"
"H1975","AGAACAAAGGCACTAG","SNG"
"A549","AGAACCTCACCTGTCT","SNG"
"HCC827","AGAAGCGAGGGTTGCA","SNG"
"H2228","AGAAGCGCAACAGCCC","SNG"
"H1975","AGAAGCGCACAATCTG","SNG"
"H1975","AGAAGTAGTATATGGA","SNG"
"A549","AGACAAAAGTTAACAG","SNG"
"HCC827","AGACAAAGTAGTGTGG","SNG"
"H2228","AGACACTAGGCCACTC","SNG"
"HCC827","AGACACTTCTCCGAGG","SNG"
"H1975","AGACAGGTCGCATAGT","SNG"
"A549","AGACCATCAGTGGTGA","SNG"
"H2228","AGACCATTCTGATGGT","SNG"
"H2228","AGACCCGAGATACCAA","SNG"
"A549","AGACCCGAGTTGGACG","SNG"
"H1975","AGACCCGCAAAGAGTT","SNG"
"H1975","AGACTCACAACGAGGT","DBL"
"HCC827","AGAGAATGTTCTTCAT","DBL"
"HCC827","AGAGAGCGTCTCAGGC","SNG"
"A549","AGAGAGCGTTCACGAT","SNG"
"H2228","AGAGAGCGTTGGAGAC","SNG"
"A549","AGAGAGCTCGGTTCAA","DBL"
"H1975","AGAGCAGCAAGTTTGC","SNG"
"A549","AGAGCAGTCATACGGT","SNG"
"HCC827","AGAGCAGTCGACATAC","DBL"
"HCC827","AGAGCCCAGTAGTCCT","SNG"
"A549","AGAGCCCGTATGAGAT","SNG"
"H8383","AGATAGACAGCCATTA","SNG"
"HCC827","AGATCGTAGCGTTGTT","SNG"
"H1975","AGATGAAAGCACTCTA","SNG"
"A549","AGATGCTAGATACCAA","SNG"
"H1975","AGATGCTAGTTAGTGA","SNG"
"H8383","AGATGCTCAACTCCAA","SNG"
"H1975","AGATGCTCAGTTCTAG","SNG"
"HCC827","AGCATCAAGTTCATCG","SNG"
"HCC827","AGCCAATCACAAATCC","SNG"
"H1975","AGCCACGAGACATCCT","SNG"
"H8383","AGCGCCACAATCCAGT","SNG"
"H1975","AGCGCCACACAAATAG","SNG"
"HCC827","AGCGCTGAGGATTACA","DBL"
"A549","AGCGTATGTCGGTAAG","SNG"
"H1975","AGCGTCGGTAGATTAG","SNG"
"H2228","AGCTACACATCAACCA","SNG"
"H2228","AGCTACACATTATGCG","SNG"
"A549","AGCTACAGTTCAGTAC","SNG"
"H1975","AGCTACAGTTGGACTT","SNG"
"HCC827","AGCTACATCATCCTAT","SNG"
"H1975","AGCTCAACACTGGAAG","SNG"
"H1975","AGGAAATAGCACTCCG","SNG"
"A549","AGGAAATAGGTGCTAG","SNG"
"HCC827","AGGAAATCAGTGACCC","SNG"
"HCC827","AGGAAATGTAGACTGG","SNG"
"A549","AGGAAATTCGACACTA","SNG"
"A549","AGGAATACAAGCGAGT","SNG"
"H1975","AGGAATACAATCGCAT","SNG"
"H1975","AGGAATACACATTACG","SNG"
"A549","AGGAATAGTGGCTACC","SNG"
"H1975","AGGACGAAGAATCGCG","SNG"
"H1975","AGGACGACAGAGATTA","SNG"
"H1975","AGGACGATCAGGACGA","SNG"
"H2228","AGGACTTAGGTCATAA","SNG"
"A549","AGGATAAAGGACTAAT","SNG"
"H1975","AGGATAACAATTTCTC","SNG"
"A549","AGGATAAGTATTGAGA","SNG"
"H8383","AGGATAAGTTGGACCC","SNG"
"H8383","AGGATAATCTGTTGGA","SNG"
"A549","AGGATCTAGAAATTCG","SNG"
"HCC827","AGGATCTAGGCTTCCG","SNG"
"HCC827","AGGATCTTCAGAGTTC","SNG"
"H1975","AGGCCACCATTGCCGG","SNG"
"H8383","AGGCCACTCTGTAACG","SNG"
"H1975","AGGCTGCAGTATGCAA","SNG"
"HCC827","AGGCTGCTCATTACTC","DBL"
"H2228","AGGGAGTCAGGTCAAG","SNG"
"H1975","AGGGAGTCATGTGCCG","SNG"
"HCC827","AGGGCCTAGACATCAA","SNG"
"H1975","AGGGCCTAGTGGTTCT","SNG"
"A549","AGGGCCTCATGACGGA","SNG"
"A549","AGGGCTCCAGTTTCGA","SNG"
"HCC827","AGGGTCCCACCTAAAC","SNG"
"A549","AGGGTCCCAGTTGAAA","SNG"
"HCC827","AGGGTCCCATAAGATG","SNG"
"H2228","AGGGTGAAGCTCGTGC","SNG"
"H2228","AGGGTTTAGGTCATAA","SNG"
"A549","AGGGTTTCACAGGATG","SNG"
"H1975","AGGGTTTCAGGTTCAT","SNG"
"H1975","AGGTAGGAGCTGACAG","SNG"
"A549","AGGTAGGCACATTACG","DBL"
"H8383","AGGTCATAGAAGAGCA","SNG"
"HCC827","AGGTCTAGTAGGTTTC","DBL"
"HCC827","AGGTGTTCACTTGTCC","SNG"
"A549","AGGTGTTCATATCTCT","SNG"
"A549","AGGTGTTCATCCGAAT","SNG"
"H2228","AGGTTACAGGTAGCAC","SNG"
"HCC827","AGTAACCCATAGGAGC","SNG"
"H1975","AGTAACCTCTGCCTCA","SNG"
"H1975","AGTACCAAGTGCACTT","SNG"
"A549","AGTACCACAAGCAGGT","SNG"
"HCC827","AGTACCAGTCAGGAGT","SNG"
"A549","AGTACCATCCATACTT","SNG"
"HCC827","AGTACTGGTCCATACA","SNG"
"H8383","AGTAGCTCACTATCGA","SNG"
"H1975","AGTAGCTGTGCAGGAT","SNG"
"HCC827","AGTAGTCCAACAGTGG","SNG"
"A549","AGTCAACGTTGCGGAA","SNG"
"H2228","AGTCACACACATGAAA","SNG"
"HCC827","AGTCACAGTCCGACGT","SNG"
"HCC827","AGTCACAGTGCTCTTC","SNG"
"A549","AGTCATGCAGGACATG","SNG"
"H2228","AGTCTCCCAATAGTCC","SNG"
"HCC827","AGTCTCCGTGTTTCTT","SNG"
"HCC827","AGTGACTAGGCTCACC","SNG"
"A549","AGTGACTCAATCTAGC","SNG"
"H1975","AGTGATCCACTAGAGG","SNG"
"H2228","AGTGATCTCATCAGTG","SNG"
"A549","AGTGATCTCCTACGAA","SNG"
"H8383","AGTGTTGCAACACTAC","SNG"
"H2228","AGTTAGCAGTTGTCAC","SNG"
"A549","AGTTCCCAGAGACAAG","SNG"
"H1975","AGTTCCCGTGCGGATA","SNG"
"H1975","AGTTCGAGTTGCCGAC","SNG"
"H1975","AGTTCGATCGGCCAAC","SNG"
"H1975","ATACCGACAATTCACG","SNG"
"HCC827","ATACTTCTCCCGAGTG","SNG"
"H8383","ATAGACCCAAACCACT","SNG"
"H2228","ATAGACCCACCGTCTT","SNG"
"A549","ATAGACCGTACCAATC","SNG"
"H1975","ATAGAGACACGTACAT","SNG"
"HCC827","ATAGAGACATGGATCT","DBL"
"H8383","ATAGGCTAGAGGGTGG","SNG"
"H1975","ATAGGCTCAATATCCG","SNG"
"H1975","ATAGGCTCAGCTATAC","SNG"
"HCC827","ATAGGCTTCATCTGTT","SNG"
"HCC827","ATCACAGCACGACCTG","SNG"
"H1975","ATCACGAAGACCTCCG","SNG"
"A549","ATCACGACACTTCTCG","SNG"
"HCC827","ATCACGAGTAGGTAGC","SNG"
"A549","ATCACGATCAGCTTGA","SNG"
"H1975","ATCAGGTGTCCGGACT","SNG"
"HCC827","ATCAGGTTCGCGCTGA","SNG"
"HCC827","ATCATTCCATGAATCC","SNG"
"A549","ATCATTCGTAAGCGGT","SNG"
"H2228","ATCATTCTCACATACG","SNG"
"A549","ATCCACCCAAAGGTTA","SNG"
"A549","ATCCCTGAGACCAACG","SNG"
"H1975","ATCCTATAGTCTACCA","SNG"
"HCC827","ATCCTATCAATAAGGT","DBL"
"H1975","ATCCTATTCATGCTAG","SNG"
"HCC827","ATCGATGCATATGGCT","SNG"
"A549","ATCGATGTCTTCCAGC","SNG"
"H8383","ATCGCCTAGCGTTCAT","SNG"
"HCC827","ATCGGATGTGCCGTTG","DBL"
"A549","ATCGGCGCACTCATAG","SNG"
"HCC827","ATCGGCGGTCAACCTA","SNG"
"H8383","ATCGGCGTCTCAAAGC","SNG"
"A549","ATCGTAGCAATAGGGC","SNG"
"A549","ATCGTAGCAATGACCT","SNG"
"A549","ATCGTAGGTAAGAACT","SNG"
"HCC827","ATCGTGATCTGGACCG","DBL"
"HCC827","ATCTCTACACTACGGC","SNG"
"H1975","ATCTCTAGTAGTGTGG","SNG"
"HCC827","ATCTCTATCACAAGGG","SNG"
"A549","ATCTTCAAGGCCATAG","SNG"
"HCC827","ATGAAAGAGCGGGTAT","SNG"
"H8383","ATGAAAGGTCTGATAC","SNG"
"H1975","ATGACCATCCGAGAAG","SNG"
"HCC827","ATGACCATCTCATGGA","SNG"
"A549","ATGAGGGGTTTAAGGA","SNG"
"H8383","ATGAGTCAGATAACAC","SNG"
"H8383","ATGATCGCATCGTCCT","SNG"
"A549","ATGATCGGTTCAAGGG","SNG"
"HCC827","ATGATCGTCCATATGG","SNG"
"H8383","ATGATCGTCCTCACCA","SNG"
"H8383","ATGCATGAGATCCAAA","SNG"
"H1975","ATGCATGGTATCCCTC","SNG"
"A549","ATGCATGGTGCGTGCT","SNG"
"HCC827","ATGCATGGTTCATCGA","SNG"
"H1975","ATGCCTCGTAGACAGC","SNG"
"HCC827","ATGCCTCGTCAAGCCC","SNG"
"HCC827","ATGCGATGTCGACGCT","SNG"
"A549","ATGCGATTCAGACTGT","SNG"
"HCC827","ATGGAGGCAATCCTTT","SNG"
"A549","ATGGAGGCATGGAACG","SNG"
"H8383","ATGGAGGTCTGACCCT","SNG"
"H2228","ATGGATCGTGTTGACT","SNG"
"H1975","ATGGATCGTTCCATTT","SNG"
"H1975","ATGGTTGCAAGTGGGT","SNG"
"H8383","ATGGTTGCACCCAACG","SNG"
"H8383","ATGGTTGGTACGTTCA","SNG"
"H8383","ATGTCTTAGAAGCCAC","SNG"
"H8383","ATTACCTAGCGACTGA","SNG"
"HCC827","ATTACCTAGTAAACAC","SNG"
"A549","ATTACCTCAAGAGGCT","SNG"
"H1975","ATTACTCCACTGTCCT","DBL"
"H2228","ATTACTCGTCCCTGAG","SNG"
"H1975","ATTATCCGTACTGTTG","SNG"
"HCC827","ATTATCCGTTGCCAAT","SNG"
"A549","ATTCAGGGTCTCAGAT","SNG"
"H2228","ATTCATCGTGGCCCAT","SNG"
"H1975","ATTCCATGTTCAGGTT","SNG"
"HCC827","ATTCCATTCTGGCCTT","SNG"
"H8383","ATTCCCGTCCTGTACC","SNG"
"H2228","ATTCCTACACCGGAAA","SNG"
"H8383","ATTCGTTAGAGTAACT","SNG"
"HCC827","ATTCGTTCAATCTCTT","SNG"
"A549","ATTCGTTCACTTACAG","SNG"
"A549","ATTCGTTCAGAGTTCT","SNG"
"HCC827","ATTCTACAGACATGCG","SNG"
"H8383","ATTCTACCAAAGTATG","SNG"
"A549","ATTCTACCAAATCAGA","SNG"
"HCC827","ATTCTACGTCATCGCG","SNG"
"HCC827","ATTCTACGTTTCGTAG","SNG"
"H1975","ATTCTACTCCATCGTC","DBL"
"H1975","ATTCTACTCTAGCATG","DBL"
"HCC827","ATTCTTGTCGAGATAA","SNG"
"HCC827","ATTGGGTAGGTTCCGC","SNG"
"H1975","ATTGGGTCAAGGTACG","SNG"
"H2228","ATTGTTCAGTCTTGGT","SNG"
"HCC827","ATTGTTCCAGAATGTA","SNG"
"H2228","ATTTACCAGAGATCGC","DBL"
"HCC827","ATTTACCGTCTCGGAC","SNG"
"H1975","ATTTCACAGGATTCAA","SNG"
"A549","ATTTCTGGTTACGTAC","SNG"
"HCC827","CAAAGAACAAGTGACG","SNG"
"H2228","CAAAGAAGTTCCACGG","SNG"
"H1975","CAACAACCAGGGCTTC","SNG"
"HCC827","CAACCAAAGAAATGGG","SNG"
"H2228","CAACCAATCTATTCGT","SNG"
"A549","CAACGATAGCCTGAAG","SNG"
"H1975","CAACGGCGTCTCACAA","SNG"
"H2228","CAAGACTCACATTCTT","DBL"
"H8383","CAAGAGGAGAAGAACG","SNG"
"H1975","CAAGAGGAGTGCAAAT","SNG"
"H2228","CAAGAGGCATGCACTA","SNG"
"A549","CAAGCTACAAACCGGA","SNG"
"H1975","CAAGCTACAAGAAATC","DBL"
"A549","CAATACGAGGTAGCCA","SNG"
"HCC827","CAATACGTCTGGACCG","SNG"
"HCC827","CAATCGAAGCAGTCTT","SNG"
"H8383","CAATCGACAGGAATAT","SNG"
"A549","CAATCGATCCACGGGT","SNG"
"H8383","CAATGACCACTATCCC","SNG"
"HCC827","CAATGACTCGCGGACT","DBL"
"A549","CAATTTCAGTAGGCCA","SNG"
"A549","CAATTTCTCGCGCTGA","SNG"
"H2228","CAATTTCTCTGACAGT","SNG"
"H1975","CACACAAAGCACTCCG","SNG"
"H8383","CACACAATCACCTGGG","SNG"
"H2228","CACAGATCAATTAGGA","SNG"
"HCC827","CACAGATTCAACTCTT","SNG"
"H1975","CACAGGCCACGTGTGC","SNG"
"H1975","CACAGGCCAGAGTAAT","SNG"
"A549","CACAGGCTCACAGAGG","SNG"
"H2228","CACCAAACAGAGTAAT","SNG"
"H2228","CACCAAACATTGCCTC","SNG"
"H2228","CACCAAAGTGAGATAT","SNG"
"H8383","CACCGTTCAGAAGCGT","SNG"
"H2228","CACCGTTGTTCCTACC","SNG"
"A549","CACCGTTTCATCGGGC","SNG"
"H1975","CACGAATAGCCTTTCC","SNG"
"H1975","CACGAATTCCAGTTCC","SNG"
"H1975","CACGGGTAGGCCACTC","SNG"
"HCC827","CACGGGTGTTCGAGCC","SNG"
"A549","CACGTTCCAGCGATTT","SNG"
"H1975","CACTGAAAGAGGTATT","SNG"
"H1975","CACTGAAGTACGACTT","SNG"
"A549","CACTGGGAGATGGTCG","DBL"
"H2228","CACTTCGCATAGAGGC","SNG"
"H1975","CACTTCGCATTCACCC","DBL"
"A549","CACTTCGCATTGAAGA","SNG"
"H1975","CACTTCGTCGACCATA","SNG"
"HCC827","CAGAGCCTCGCCTTTG","SNG"
"H1975","CAGATACCATCTGGGC","SNG"
"H8383","CAGATACGTGTGTCCG","SNG"
"H2228","CAGATCAGTAGACAGC","SNG"
"H2228","CAGATCAGTTGCTTGA","SNG"
"H2228","CAGATCATCGACGCGT","SNG"
"H1975","CAGATTGAGCATGAAT","SNG"
"A549","CAGCAATAGATGCGAC","SNG"
"H2228","CAGCACGCAAGGTCAG","SNG"
"HCC827","CAGCACGCATCAGCAT","SNG"
"HCC827","CAGCACGGTGTGAATA","SNG"
"H1975","CAGCACGTCTCTAAGG","SNG"
"H1975","CAGCAGCAGTTTGTCG","SNG"
"H2228","CAGCCAGCATGGACAG","SNG"
"H8383","CAGCCAGGTCGTTGCG","SNG"
"H1975","CAGCGTGCAACTTCTT","SNG"
"HCC827","CAGGCCAGTAGAATAC","SNG"
"H1975","CAGGGCTGTACTAAGA","SNG"
"H2228","CAGGGCTGTCCAATCA","SNG"
"H8383","CAGGTATAGGAGCTGT","SNG"
"H2228","CAGGTATCATGGGTTT","SNG"
"A549","CAGGTATTCCATAGAC","SNG"
"HCC827","CAGGTATTCCCAAGTA","SNG"
"H8383","CAGTGCGCATACAGGG","SNG"
"H1975","CAGTTCCAGTGTTCCA","SNG"
"H1975","CAGTTCCCAGAGTCTT","SNG"
"H1975","CAGTTCCTCTTCGACC","SNG"
"H1975","CATACAGAGTGCGTCC","SNG"
"HCC827","CATACAGGTAGCCAGA","SNG"
"H1975","CATACCCGTCCAAATC","SNG"
"HCC827","CATACTTCACTACAGT","DBL"
"H2228","CATACTTGTACCGGCT","SNG"
"H1975","CATACTTTCTACGGGC","SNG"
"A549","CATAGACCACACTGGC","SNG"
"HCC827","CATAGACCATTCGGGC","SNG"
"HCC827","CATAGACTCTATTCGT","SNG"
"HCC827","CATCAAGAGACTTGTC","DBL"
"H2228","CATCAAGGTAACCCTA","SNG"
"H8383","CATCCACCAAATAAGC","SNG"
"HCC827","CATCCACCATCCTTCG","SNG"
"H1975","CATCCCATCATTTCCA","SNG"
"H1975","CATCCGTGTACCGTGC","SNG"
"H1975","CATCCGTTCCGACAGC","SNG"
"H2228","CATCGCTCAAGTAGTA","SNG"
"HCC827","CATCGTCCAGCGACAA","SNG"
"A549","CATCGTCGTACAAAGT","SNG"
"H1975","CATGAGTGTCGAACAG","SNG"
"H8383","CATGCAATCCCACAGG","SNG"
"HCC827","CATGCGGAGCTGAAAT","SNG"
"H8383","CATGCGGTCCTTTAGT","SNG"
"A549","CATGGATAGGATTTCC","SNG"
"A549","CATGGATGTTTACTGG","SNG"
"H1975","CATGGTATCGCAGATT","SNG"
"H1975","CATGGTATCGGCTATA","SNG"
"A549","CATTCATCAAATGCTC","SNG"
"HCC827","CATTCCGGTGTTCATG","SNG"
"HCC827","CATTCCGTCCATACTT","DBL"
"H1975","CATTCTAAGTCCTGTA","SNG"
"H1975","CATTGAGAGGCTTAAA","SNG"
"H1975","CATTGAGCAGCGTGAA","SNG"
"H8383","CATTGAGGTAAGGCCA","SNG"
"H1975","CATTGCCCACACCGAC","SNG"
"HCC827","CATTGCCCAGACACCC","SNG"
"HCC827","CATTGCCTCATGAAAG","SNG"
"H2228","CATTGCCTCCCAATAG","DBL"
"H2228","CATTGTTTCGGATTAC","SNG"
"H1975","CATTTCACAGGATCTT","SNG"
"A549","CATTTCAGTTAGGACG","SNG"
"A549","CATTTCATCCGATCGG","SNG"
"H8383","CATTTCATCGCTAGCG","SNG"
"HCC827","CCAAGCGAGAAACCAT","SNG"
"H8383","CCAAGCGTCCTCTCTT","SNG"
"H2228","CCAATTTAGAGCCTGA","SNG"
"A549","CCAATTTGTACAAAGT","DBL"
"H1975","CCAATTTGTATTTCCT","SNG"
"HCC827","CCAATTTTCCTCGATC","SNG"
"A549","CCAATTTTCTTAGTTC","SNG"
"H2228","CCACAAATCATCTGTT","SNG"
"H1975","CCACACTAGGTTGACG","SNG"
"H8383","CCACCATTCCAACACA","SNG"
"HCC827","CCATAAGCACTGTGAT","SNG"
"H2228","CCATAAGGTCTAGATC","SNG"
"H1975","CCCAACTAGCACTCAT","SNG"
"H8383","CCCATTGAGGTGCTTT","SNG"
"H1975","CCCGAAGAGGTTAGTA","SNG"
"H1975","CCCTAACCAAGTGGCA","SNG"
"H2228","CCCTCAACATATCTGG","SNG"
"A549","CCCTCAAGTACTAAGA","SNG"
"H1975","CCCTCTCGTATCCTTT","DBL"
"H8383","CCCTGATAGCACCTGC","SNG"
"H1975","CCCTGATGTCGAACAG","SNG"
"H2228","CCCTGATGTGACGTCC","DBL"
"H1975","CCCTTAGGTTAGCTAC","SNG"
"H8383","CCGAACGAGAGCAACC","SNG"
"A549","CCGAACGAGTGTAGTA","SNG"
"H1975","CCGAACGCAAGTGGCA","SNG"
"H1975","CCGATCTAGATTCGAA","SNG"
"HCC827","CCGATGGAGCCTCATA","SNG"
"H2228","CCGATGGCACGGCGTT","SNG"
"A549","CCGATGGGTGAGCGAT","SNG"
"H2228","CCGGACAAGACTCATC","SNG"
"H2228","CCGGACACAGGAGGAG","SNG"
"H8383","CCGGGTAGTCTGTCAA","SNG"
"H1975","CCGGGTAGTGGGTCAA","SNG"
"H8383","CCGGTAGTCGGATACT","SNG"
"HCC827","CCGGTAGTCTAAGCCA","SNG"
"H8383","CCGTAGGGTTGTATGC","SNG"
"H1975","CCGTAGGTCCGACAGC","SNG"
"HCC827","CCGTGAGCAGTGTGGA","SNG"
"H8383","CCGTGAGTCCATAAGC","SNG"
"A549","CCGTGAGTCCGCACTT","SNG"
"H2228","CCGTTCAAGGGTACGT","SNG"
"HCC827","CCGTTCAGTCCGCAGT","SNG"
"HCC827","CCGTTCATCACACCGG","SNG"
"A549","CCTAACCGTCTTTATC","SNG"
"A549","CCTAACCTCGCCAATA","SNG"
"A549","CCTAAGATCGCGGTAC","SNG"
"H1975","CCTACGTAGCCATTCA","SNG"
"HCC827","CCTACGTAGTGTACCT","SNG"
"H8383","CCTACGTCATAGCTGT","SNG"
"A549","CCTACGTTCTGCTTTA","SNG"
"H2228","CCTCACAAGTTTGCTG","SNG"
"H1975","CCTCAGTGTGATACCT","SNG"
"H2228","CCTCAGTTCTCACGAA","SNG"
"H1975","CCTCCAAAGCCGTTAT","SNG"
"A549","CCTCCAACAAGTATAG","SNG"
"H1975","CCTCCAATCATTCGGA","SNG"
"HCC827","CCTCCTCTCATAAGGA","SNG"
"A549","CCTCTCCAGTTGTACC","SNG"
"HCC827","CCTCTCCTCATTTCGT","SNG"
"H1975","CCTCTCCTCTCGTCGT","DBL"
"A549","CCTGTTGCATGCGTGC","SNG"
"A549","CCTTCAGTCAGGAACG","SNG"
"H2228","CCTTGTGCATGGTACT","SNG"
"H2228","CCTTGTGTCGCAGTGC","SNG"
"HCC827","CGAAGGATCACGATCA","SNG"
"A549","CGAAGGATCCACTGAA","SNG"
"H2228","CGAAGTTAGTAACAGT","SNG"
"A549","CGAATTGGTTGCATAC","SNG"
"HCC827","CGAATTGGTTTACTGG","SNG"
"A549","CGAATTGTCGATTGGT","SNG"
"A549","CGACAGCTCAAGGACG","SNG"
"H1975","CGAGGAAGTGAACGGT","SNG"
"H2228","CGAGGCTAGTCGAGGT","SNG"
"HCC827","CGAGGCTAGTCGCGAA","SNG"
"H1975","CGAGGCTCATGTAACC","SNG"
"HCC827","CGAGGCTTCTACGCGG","DBL"
"HCC827","CGAGTGCAGTGCACTT","SNG"
"H1975","CGAGTTACAGGGATAC","DBL"
"A549","CGAGTTATCGGCTATA","SNG"
"H2228","CGATCGGCAAGAAATC","SNG"
"HCC827","CGATGCGAGATCCAAA","SNG"
"A549","CGATGCGTCCGCATAA","SNG"
"H8383","CGATGGCAGAACCCGA","SNG"
"A549","CGATGGCAGGGTAATT","SNG"
"H1975","CGATGGCCAGACGGAT","SNG"
"HCC827","CGCAGGTCAATGCAGG","SNG"
"H1975","CGCATAACAAATGGCG","SNG"
"H1975","CGCATAACATAATGCC","SNG"
"H1975","CGCATAAGTCGGTAAG","SNG"
"H1975","CGCATGGGTTCTCACC","SNG"
"A549","CGCATGGTCACAAGAA","SNG"
"A549","CGCCAGAAGCAAATCA","SNG"
"A549","CGCCAGACAAAGACTA","SNG"
"A549","CGCCAGATCCCTAGGG","SNG"
"A549","CGCCATTCATGGACAG","SNG"
"H1975","CGCCATTTCTGGTTGA","SNG"
"HCC827","CGCGTGACAAGTGGAC","SNG"
"H2228","CGCGTGAGTATGAGGC","SNG"
"HCC827","CGCGTGAGTTCGTGCG","SNG"
"A549","CGGAACCGTGAACCGA","SNG"
"H1975","CGGAATTAGAGTTGTA","SNG"
"H8383","CGGAATTGTACCTGTA","SNG"
"H1975","CGGAATTGTAGCACAG","SNG"
"A549","CGGAATTGTTCAATCG","SNG"
"H8383","CGGACACGTACTTGTG","SNG"
"H1975","CGGCAGTAGGCTGAAC","SNG"
"HCC827","CGGCAGTTCTGGGCGT","SNG"
"H8383","CGGGACTGTGTTGCCG","SNG"
"H1975","CGGGACTTCCGATGTA","SNG"
"H2228","CGGGCATAGAGACAAG","SNG"
"H2228","CGGGCATAGGTACAAT","SNG"
"A549","CGGGCATCAGACAAGC","SNG"
"H1975","CGGGCATGTTTCAGAC","SNG"
"H8383","CGGGCATTCAGCCTTC","SNG"
"HCC827","CGGGCATTCTCTCGAC","SNG"
"HCC827","CGGGTGTAGCATGCAG","SNG"
"A549","CGGGTGTCACGTCATA","SNG"
"HCC827","CGGGTGTGTATGAGGC","SNG"
"H2228","CGGTCAGAGACCACGA","SNG"
"H1975","CGGTCAGTCGTGGAAG","SNG"
"HCC827","CGTAATGAGGGATGTC","SNG"
"H1975","CGTAATGCATTACTCT","SNG"
"H8383","CGTCAAAAGCATTTGC","SNG"
"H1975","CGTCAAAGTATGTCTG","SNG"
"H1975","CGTCAAAGTTCAGGTT","SNG"
"H8383","CGTCAAATCGCGCTGA","SNG"
"HCC827","CGTCCATGTTATGACC","SNG"
"HCC827","CGTCCATTCTCGCGTT","DBL"
"H1975","CGTGAATAGTTGAAGT","SNG"
"H8383","CGTGATAGTCATAGTC","SNG"
"H1975","CGTGTCTCAAGGGCAT","SNG"
"H2228","CGTGTCTTCCATTCAT","DBL"
"HCC827","CGTTAGAAGCAATTCC","SNG"
"H2228","CGTTCTGGTAGCACGA","SNG"
"A549","CGTTCTGTCGACTCCT","SNG"
"H1975","CGTTGGGCAACACACT","SNG"
"A549","CGTTGGGTCACTGGTA","SNG"
"HCC827","CGTTGGGTCCACCTCA","SNG"
"H1975","CTAAGTGAGAACAGGA","SNG"
"H1975","CTACAGACAAGCGGAT","SNG"
"A549","CTACAGATCACCTTGC","SNG"
"HCC827","CTACATTTCCGTAATG","SNG"
"H1975","CTACCCACAGGCCCTA","SNG"
"H8383","CTACGGGCATGTTTGG","SNG"
"H1975","CTACGGGTCTCTTGCG","SNG"
"H1975","CTACTATAGAGGCTGT","SNG"
"HCC827","CTAGGTAAGGTAATCA","SNG"
"H8383","CTAGGTACACTTTAGG","SNG"
"HCC827","CTATAGGAGTACCGGA","SNG"
"H1975","CTCAACCAGCACTCTA","SNG"
"H1975","CTCAACCCACTCAAGT","SNG"
"HCC827","CTCAAGAAGCGCCTCA","DBL"
"A549","CTCAAGACATTGAGCT","SNG"
"H8383","CTCAAGATCAGGAAAT","SNG"
"A549","CTCAATTAGACATAAC","SNG"
"H1975","CTCAATTCATCTCCCA","SNG"
"H1975","CTCAATTGTAACATAG","SNG"
"H2228","CTCAATTGTTAAAGTG","SNG"
"H8383","CTCAATTTCAGCTGTA","SNG"
"H1975","CTCAATTTCGAACGGA","SNG"
"H2228","CTCACTGTCTGGTGCG","SNG"
"A549","CTCAGAACACCGGAAA","SNG"
"A549","CTCAGAAGTCACTAGT","SNG"
"HCC827","CTCAGAATCACATCAG","SNG"
"H2228","CTCAGGGGTCTAGATC","SNG"
"H2228","CTCAGTCGTATGAGAT","SNG"
"H1975","CTCATGCGTAATCAGA","SNG"
"H8383","CTCATGCTCTTGCAGA","SNG"
"H1975","CTCATTAAGCCACCGT","SNG"
"A549","CTCATTAAGTACTGGG","SNG"
"H1975","CTCATTATCAGTGGGA","SNG"
"H2228","CTCCAACCACTAGGCC","SNG"
"H8383","CTCCACAAGGTTCCAT","SNG"
"H1975","CTCCATGTCATGTCTT","SNG"
"A549","CTCCCAATCCTACCAC","SNG"
"H1975","CTCCCTCCAGTTAGGG","DBL"
"A549","CTCCGATAGTGTTGAA","SNG"
"A549","CTCCGATCATGGCCAC","SNG"
"H1975","CTCCGATGTATACGGG","SNG"
"H2228","CTCCGATGTTTCACAG","SNG"
"H8383","CTCCGATTCTGCATGA","SNG"
"H1975","CTCCTTTCAAATCCCA","SNG"
"H1975","CTCCTTTGTGGAAATT","SNG"
"H2228","CTCGAGGCAACGGCTC","SNG"
"H2228","CTCTCAGAGGACAGCT","SNG"
"H1975","CTCTCAGGTAGTGATA","SNG"
"H8383","CTCTCGAAGCTTAGTC","DBL"
"A549","CTCTCGACAAATCGTC","SNG"
"H1975","CTCTCGACAGTGGGTA","SNG"
"HCC827","CTGAATGAGTCAGCGA","DBL"
"A549","CTGAATGGTTAAGTCC","SNG"
"A549","CTGAGCGTCCACTTCG","SNG"
"H8383","CTGCAGGCAAGAGAGA","SNG"
"HCC827","CTGCAGGCATAAGATG","SNG"
"HCC827","CTGCATCCAATTGCGT","SNG"
"HCC827","CTGCATCCAGAACTCT","SNG"
"H8383","CTGCATCCAGTCGCAC","DBL"
"H8383","CTGCCATGTCGTTATG","SNG"
"A549","CTGCCTATCTTCGACC","SNG"
"H2228","CTGCTCAAGACGCAGT","DBL"
"H1975","CTGCTCACAAACTCTG","SNG"
"H1975","CTGCTCAGTACTCCCT","SNG"
"H1975","CTGGACGAGCACTTTG","SNG"
"H2228","CTGGCAGGTTCTAAGC","SNG"
"H1975","CTGGTCTGTTTAGAGA","SNG"
"HCC827","CTGTACCGTGTCCCTT","SNG"
"H1975","CTGTACCTCCACAGCG","SNG"
"HCC827","CTGTACCTCTCGCCTA","SNG"
"H1975","CTGTAGAGTCGTATGT","DBL"
"A549","CTGTCGTCAAAGCACG","SNG"
"H1975","CTGTCGTCACCCATAA","SNG"
"H1975","CTGTCGTGTCACATTG","SNG"
"H1975","CTGTCGTTCAGACCTA","SNG"
"A549","CTTACCGTCGGAAACG","SNG"
"H2228","CTTAGGACACTGATTG","SNG"
"H8383","CTTCAATAGAATTGCA","SNG"
"H8383","CTTCAATCAACCGGAA","SNG"
"A549","CTTCAATCAATTTCCT","SNG"
"H1975","CTTCAATTCATAGAGA","SNG"
"H2228","CTTCAATTCTCAGAAC","SNG"
"H1975","CTTCCGATCTAGTGTG","SNG"
"HCC827","CTTCCTTGTAGGCAAC","DBL"
"HCC827","CTTCCTTGTGCCCTTT","SNG"
"H1975","CTTCGGTCACAGCGCT","SNG"
"H8383","CTTCGGTGTAGAAACT","SNG"
"A549","CTTCTAACATCGTGGC","SNG"
"H1975","CTTCTAAGTGCCTATA","SNG"
"A549","CTTCTCTGTCACTCGG","SNG"
"A549","CTTCTCTGTTCCGGTG","SNG"
"H8383","CTTCTCTGTTTACTTC","DBL"
"H1975","CTTGAGAAGAGAAGGT","SNG"
"HCC827","CTTGAGAAGAGATTCA","SNG"
"A549","CTTGAGACAGGCGTTC","SNG"
"H8383","CTTGAGAGTACCCACG","SNG"
"HCC827","CTTGAGAGTACGACTT","SNG"
"A549","CTTTCAACACGCCACA","SNG"
"H8383","CTTTCAATCTTCCAGC","SNG"
"A549","CTTTCGGAGCGATCGA","SNG"
"A549","CTTTCGGCACAGTGTT","SNG"
"A549","GAAACCTGTTATGGTC","SNG"
"H1975","GAACACTAGCTATCTG","SNG"
"HCC827","GAACACTGTGATACCT","SNG"
"H2228","GAACTGTCAGGTCCCA","SNG"
"H2228","GAACTGTTCGAGTACT","SNG"
"H1975","GAAGAATAGCAACTCT","SNG"
"A549","GAAGCCCCACCCTAAA","SNG"
"HCC827","GAAGCCCTCTGACCCT","SNG"
"A549","GAAGCGATCCACGGGT","SNG"
"H1975","GAAGTAAAGGATTACA","DBL"
"A549","GAAGTAACATCAGCAT","SNG"
"A549","GAATCACCACCGTGAC","SNG"
"HCC827","GAATCACTCGCAAGAG","SNG"
"H2228","GAATCGTCAAAGCACG","SNG"
"HCC827","GAATCGTCACCGGAAA","SNG"
"HCC827","GACATCACAGTCGCTG","SNG"
"HCC827","GACCAATAGGACAGTC","SNG"
"A549","GACCAATGTGACTGTT","SNG"
"A549","GACCAATGTGCCTTTC","SNG"
"HCC827","GACCCAGTCCAGTACA","SNG"
"A549","GACCCTTAGAAGGGAT","SNG"
"H1975","GACCCTTCACACCGCA","SNG"
"A549","GACCCTTCAGAGTAAT","SNG"
"H8383","GACCCTTCATCTAACG","SNG"
"HCC827","GACCGTGCAGAACTTC","DBL"
"A549","GACCTTCGTCCGAAAG","SNG"
"H2228","GACGCTGAGCAACTTC","SNG"
"A549","GACGCTGCAGATGCGA","SNG"
"HCC827","GACGTTAAGCCACAAG","SNG"
"H2228","GACGTTACAGTATGAA","DBL"
"H1975","GACGTTATCGTGGCGT","SNG"
"H1975","GACTATGCACACGCCA","SNG"
"H8383","GACTCAAAGACATCCT","SNG"
"H8383","GACTCAAAGGTGGTTG","SNG"
"HCC827","GACTCAAGTGTGGACA","SNG"
"HCC827","GACTCAATCGTTGCCT","SNG"
"H1975","GACTCTCAGCAACAGC","SNG"
"H1975","GACTCTCCAATGCTCA","SNG"
"HCC827","GACTGATTCTAGACCA","SNG"
"H1975","GACTGATTCTCGGTAA","SNG"
"H1975","GACTTCCGTCTCTCCA","DBL"
"H1975","GAGAAATAGGGCTTCC","SNG"
"A549","GAGAAATGTGAGCAGT","SNG"
"HCC827","GAGAAATTCGCTGTCT","SNG"
"A549","GAGACCCTCACTTGTT","SNG"
"H1975","GAGACTTCAATACGCT","SNG"
"H1975","GAGAGGTAGATACCAA","SNG"
"H1975","GAGAGGTGTATGAAGT","SNG"
"H2228","GAGATGGGTTCTATCT","SNG"
"H8383","GAGGCCTAGATCCCAT","DBL"
"H1975","GAGGCCTGTAGGGTAC","SNG"
"A549","GAGGGATAGGCTGGAT","SNG"
"H1975","GAGGGATGTCCAAATC","SNG"
"HCC827","GAGGGATTCGGAGTAG","SNG"
"HCC827","GAGGGATTCTTTCTAG","DBL"
"A549","GAGGGTATCCTCTCGA","SNG"
"HCC827","GAGTCATTCGCCTATC","SNG"
"H1975","GAGTCTATCGCCACTT","SNG"
"H1975","GAGTGAGAGGTCTTTG","SNG"
"HCC827","GAGTGTTGTGTCATGT","SNG"
"H1975","GAGTTACCAAACTGCT","SNG"
"H1975","GAGTTGTCAAAGCACG","SNG"
"H8383","GAGTTGTTCCATCACC","SNG"
"H8383","GAGTTGTTCTTAATCC","SNG"
"H1975","GAGTTTGCAGGATCTT","SNG"
"A549","GAGTTTGGTCAGCGTC","SNG"
"HCC827","GAGTTTGTCACACCCT","SNG"
"HCC827","GATAGCTAGCAACAAT","SNG"
"HCC827","GATCACAAGCTTACGT","DBL"
"A549","GATCACACAACGCATT","DBL"
"HCC827","GATCAGTAGGGATGTC","DBL"
"H1975","GATCAGTCAAACAGGC","SNG"
"H1975","GATCATGCACGCCACA","SNG"
"A549","GATCATGCATCTTCGC","SNG"
"H2228","GATCATGTCTGGGCGT","SNG"
"H2228","GATCCCTAGCGTGAAC","SNG"
"H1975","GATCGTAGTTACGTAC","DBL"
"H1975","GATGACTTCCATAGGT","SNG"
"A549","GATGAGGTCAAGAATG","SNG"
"H2228","GATGATCGTTAGTCGT","SNG"
"H1975","GATGATCTCGATACTG","DBL"
"H1975","GATGCTATCCACTGAA","SNG"
"H2228","GATGTTGCACATATCG","SNG"
"H1975","GATTCGAGTATGTCCA","SNG"
"H2228","GATTCGATCAAGCCTA","SNG"
"A549","GATTCTTAGGTCATCT","SNG"
"H2228","GATTCTTGTATCAGCT","SNG"
"HCC827","GATTGGTAGTCTGCAT","SNG"
"A549","GCAACCGCATCTGTTT","SNG"
"H1975","GCACATACATAGCTGT","SNG"
"A549","GCACGTGTCCATGAGT","SNG"
"H1975","GCACTAACATTGAAAG","SNG"
"H2228","GCACTAAGTACCCACG","SNG"
"H2228","GCACTAAGTTGAAGTA","SNG"
"H2228","GCACTAATCAGCATTG","SNG"
"A549","GCAGCTGGTCAGTTTG","SNG"
"A549","GCAGCTGTCACCGCTT","SNG"
"A549","GCAGCTGTCGTTGTTT","SNG"
"HCC827","GCAGGCTAGACGCTCC","SNG"
"H1975","GCAGGCTGTTTCAGAC","SNG"
"HCC827","GCAGTTAAGCAACAAT","SNG"
"H1975","GCAGTTAAGGATATAC","SNG"
"H1975","GCAGTTATCCACCTCA","SNG"
"A549","GCATCGGGTCTGGTTA","SNG"
"A549","GCATCTCGTGGTAATA","SNG"
"H1975","GCATTAGTCTCCGCAT","SNG"
"H8383","GCCAACGTCACCGCTT","SNG"
"A549","GCCAGCAAGAATCCCT","SNG"
"A549","GCCAGCAGTGAATGAT","SNG"
"A549","GCCAGGTCAACGATTC","SNG"
"A549","GCCAGGTCATCTGTTT","SNG"
"H1975","GCCAGGTGTACCGTCG","SNG"
"H1975","GCCAGGTTCGGTCGGT","SNG"
"A549","GCCAGGTTCTCTAGGA","SNG"
"H1975","GCCATGGAGTCAGCGA","SNG"
"H1975","GCCATGGGTTTGTGGT","SNG"
"H1975","GCCATGGTCGTCACCT","SNG"
"H2228","GCCATTCGTAACAGGC","SNG"
"HCC827","GCCATTCGTGAAGCTG","SNG"
"H1975","GCCCAGACAACACAAA","SNG"
"HCC827","GCCCAGACAATCACGT","SNG"
"H2228","GCCCAGATCCACACCT","SNG"
"H1975","GCCCGAAAGATACTGA","DBL"
"HCC827","GCCCGAAAGTTGGAAT","SNG"
"A549","GCCCGAACAATACCCA","SNG"
"A549","GCCCGAACAATTTCTC","SNG"
"HCC827","GCCGATGCATCAGTCA","SNG"
"A549","GCCGATGTCAGTGCGC","SNG"
"H2228","GCCGATGTCGCAGTTA","SNG"
"H2228","GCCGTGAAGCATTGTC","SNG"
"H1975","GCCTGTTAGGCTTAAA","DBL"
"A549","GCCTGTTAGTTGTAAG","SNG"
"H1975","GCGAGAAAGGCTCACC","SNG"
"H2228","GCGAGAAGTACTTCCC","SNG"
"H2228","GCGAGAAGTTTGGCTA","SNG"
"A549","GCGATCGAGAAACTAC","SNG"
"A549","GCGATCGAGCAGCACA","SNG"
"H1975","GCGATCGTCCAAGAGG","SNG"
"HCC827","GCGGAAATCATTATCC","SNG"
"HCC827","GCGGATCTCCTTGACC","SNG"
"H1975","GCTACAAAGTATAGAC","SNG"
"H1975","GCTACAACAACTACGT","SNG"
"A549","GCTACAACACAATGAA","SNG"
"H2228","GCTACAATCAGGACGA","SNG"
"A549","GCTACAATCGCTAATG","SNG"
"H1975","GCTACCTCATAGAATG","SNG"
"HCC827","GCTACCTTCCGTGTAA","SNG"
"HCC827","GCTACCTTCTCTCCGA","SNG"
"H1975","GCTCAAATCTTCTGGC","SNG"
"HCC827","GCTGCAGAGAGTCTGG","SNG"
"H1975","GCTGCAGTCAGACTGT","SNG"
"H1975","GCTGGGTCATCCTATT","SNG"
"H8383","GCTGGGTGTTGAATCC","SNG"
"HCC827","GCTGGGTTCATTGCTT","SNG"
"H1975","GCTTCACGTAGGAGTC","SNG"
"H1975","GCTTGGGAGGAGAATG","SNG"
"A549","GCTTGGGGTGCCCACA","SNG"
"H1975","GCTTGGGGTTGCTCCT","SNG"
"H8383","GCTTGGGTCGCGTAGC","SNG"
"H1975","GCTTTCGAGTCCGCCA","SNG"
"H1975","GGAACCCCACCCGTAG","SNG"
"A549","GGAACCCCATCTGGGC","SNG"
"HCC827","GGAAGTGAGAATCTAG","DBL"
"HCC827","GGAAGTGAGTGCAGCA","DBL"
"A549","GGAAGTGTCGAACGCC","SNG"
"HCC827","GGAATCTTCGTGCAGC","SNG"
"A549","GGAATGGGTCAGTTTG","SNG"
"A549","GGACGTCAGAGTCCGA","SNG"
"H8383","GGACGTCTCCCGAGGT","SNG"
"A549","GGAGAACAGAGGATGA","SNG"
"A549","GGAGCAACAAATGGTA","SNG"
"HCC827","GGAGCAACAAGTGCTT","SNG"
"A549","GGAGGATTCTTCTAAC","SNG"
"H1975","GGATCTACAGCAAGAC","SNG"
"HCC827","GGATCTACATCTAGAC","SNG"
"H8383","GGATCTACATGGGTTT","SNG"
"H8383","GGCACGTAGGCACTCC","SNG"
"HCC827","GGCACGTGTCACTAGT","SNG"
"H2228","GGCAGTCAGAAGTATC","SNG"
"A549","GGCAGTCCAGCGTGCT","SNG"
"A549","GGCAGTCCATTGCTTT","SNG"
"H1975","GGCAGTCTCTAGTCAG","SNG"
"H1975","GGCGTCAAGGACTATA","SNG"
"H2228","GGCTGTGAGTGCACAG","SNG"
"A549","GGCTGTGCACTTACAG","SNG"
"H1975","GGCTTGGAGTAGAATC","SNG"
"H2228","GGCTTTCAGAGCCTGA","SNG"
"H1975","GGCTTTCCAACTCGTA","SNG"
"H2228","GGCTTTCCACTAGTAC","SNG"
"HCC827","GGCTTTCGTTTCGATG","SNG"
"HCC827","GGCTTTCTCATGGGAG","SNG"
"H1975","GGGACAAAGTAAACGT","SNG"
"HCC827","GGGACAAAGTAGCATA","SNG"
"H1975","GGGACAACACACCGAC","SNG"
"HCC827","GGGACCTAGGGATCAC","SNG"
"H2228","GGGACCTTCTTGATTC","SNG"
"H1975","GGGACTCAGACCACGA","SNG"
"H2228","GGGACTCAGATGTTGA","SNG"
"A549","GGGAGTAGTAACACCT","SNG"
"H1975","GGGATCCCAGTCGGTC","SNG"
"H8383","GGGATGAAGTGGTCAG","SNG"
"HCC827","GGGCGTTTCCCTGTTG","SNG"
"H2228","GGGCGTTTCGGACCAC","SNG"
"HCC827","GGGCTACGTTATGTGC","SNG"
"A549","GGGCTACTCAAGCCCG","SNG"
"H8383","GGGCTCATCGTGCACG","SNG"
"A549","GGGTAGAGTTGACTAC","SNG"
"H2228","GGGTATTAGGCGACAT","SNG"
"A549","GGGTATTAGTAACAGT","SNG"
"H2228","GGGTATTGTGGGACAT","SNG"
"A549","GGGTATTTCATTGTTC","SNG"
"HCC827","GGGTCACTCGACATTG","SNG"
"HCC827","GGGTCTGAGCGACTGA","DBL"
"HCC827","GGGTCTGCAGACGCTC","SNG"
"A549","GGGTGAACAAGAGATT","SNG"
"A549","GGGTGTCTCTGCTGAA","SNG"
"A549","GGTAATCAGAAACCAT","SNG"
"A549","GGTAATCGTGCGGATA","SNG"
"A549","GGTAATCTCAACCCGG","SNG"
"H1975","GGTAGAGCAATGACCT","SNG"
"H8383","GGTAGAGGTACGAGTG","SNG"
"H2228","GGTCACGAGAGTGTGC","SNG"
"A549","GGTCACGCACTCACTC","SNG"
"A549","GGTCACGCATGTCGTA","SNG"
"H1975","GGTCACGTCAACTACG","SNG"
"H2228","GGTCTGGCACCATATG","SNG"
"A549","GGTGATTTCATTGAGC","SNG"
"H8383","GGTGGCTCAGACGCTC","DBL"
"H2228","GGTGGCTTCTCTGCTG","SNG"
"A549","GGTGTTAGTTAACAGA","SNG"
"A549","GGTTAACTCATTTCCA","SNG"
"H2228","GGTTCTCAGGCTTAGG","SNG"
"H2228","GGTTCTCGTACGGTTT","SNG"
"HCC827","GGTTGTAAGGCACGAT","SNG"
"A549","GTAACACCACCTCAGG","SNG"
"H8383","GTAACCAAGCGTTCCG","SNG"
"A549","GTAACCAAGTTCACTG","SNG"
"H1975","GTAAGTCCAGATAAAC","SNG"
"HCC827","GTAATCGAGGCAGGTT","SNG"
"HCC827","GTAATCGCAATGTCTG","SNG"
"HCC827","GTAATCGCAATTGCGT","SNG"
"H8383","GTAATCGTCCCGAGTG","SNG"
"H1975","GTAATCGTCCGTGTCT","SNG"
"H1975","GTAATGCAGTCGGCAA","SNG"
"HCC827","GTAATGCGTTAAGACA","SNG"
"A549","GTACAACCATGTTACG","SNG"
"A549","GTACAGTCACCCAATA","SNG"
"HCC827","GTACAGTGTTCTCCCA","DBL"
"H2228","GTAGAAACATCCGAGC","SNG"
"H2228","GTAGAGGTCGCGTGAC","DBL"
"H1975","GTAGATCGTTCCTAAG","SNG"
"H1975","GTAGATCTCCATACAG","SNG"
"A549","GTAGCTAAGGTAAAGG","SNG"
"H1975","GTAGCTACACGGTAGA","SNG"
"A549","GTAGCTAGTCTTCATT","SNG"
"H2228","GTAGCTAGTGCATTAC","SNG"
"H1975","GTAGGTTAGCTAGCCC","SNG"
"H2228","GTAGGTTTCCGGTTCT","SNG"
"HCC827","GTAGGTTTCTTCACGC","SNG"
"H8383","GTAGTACCAAGACTGG","SNG"
"H1975","GTATTGGAGAGTCACG","SNG"
"A549","GTATTGGGTTGTCAGT","SNG"
"H1975","GTATTGGTCGTTCTGC","SNG"
"H2228","GTATTTCCAAGATCCT","SNG"
"H1975","GTATTTCTCAGCCTTC","SNG"
"A549","GTCAAACGTCCTACAA","SNG"
"A549","GTCAAACGTTAAGACA","SNG"
"A549","GTCAAGTTCGTGTCAA","SNG"
"H8383","GTCACTCAGTATAACG","SNG"
"H8383","GTCACTCCACCCAATA","SNG"
"A549","GTCACTCCATAGATCC","SNG"
"H8383","GTCAGCGAGCCAACCC","SNG"
"H2228","GTCAGCGAGTTGGAAT","SNG"
"HCC827","GTCAGCGGTCCGGATC","SNG"
"A549","GTCATCCTCGTGACTA","SNG"
"H8383","GTCATGAAGTCTTCCC","SNG"
"H2228","GTCATTTGTACCCAGC","SNG"
"H2228","GTCATTTTCTGTCCCA","SNG"
"HCC827","GTCCACTTCCTCCACA","SNG"
"HCC827","GTCCCATTCCTTATCA","SNG"
"HCC827","GTCCTCACAGAAGCTG","SNG"
"HCC827","GTCGAATAGTATGGCG","SNG"
"A549","GTCGAATAGTCGAGGT","SNG"
"H1975","GTCGCGAGTACATACC","SNG"
"A549","GTCGCGAGTTGACTAC","SNG"
"A549","GTCGTAAAGTCACGAG","SNG"
"H2228","GTCGTAACAGAGGACT","DBL"
"A549","GTCGTAAGTTCCATTT","SNG"
"H1975","GTCGTTCAGACCCGCT","SNG"
"H8383","GTCGTTCCACTTTATC","SNG"
"A549","GTCGTTCGTCACTACA","SNG"
"HCC827","GTCTACCAGGCCGCTT","SNG"
"H2228","GTCTACCCATAAGCAA","SNG"
"H1975","GTCTACCCATATTCGG","SNG"
"H2228","GTCTACCGTGTAAACA","SNG"
"H1975","GTCTAGAAGGAAAGGT","SNG"
"A549","GTCTAGAAGGTTACCT","SNG"
"A549","GTCTAGATCAGACTGT","SNG"
"HCC827","GTCTCACCAAATACGA","SNG"
"H1975","GTCTCACCAAATCCCA","SNG"
"HCC827","GTCTCACTCGGAAACG","DBL"
"H2228","GTCTGTCCATTGTACG","SNG"
"H1975","GTCTGTCGTCAAGGCA","SNG"
"H1975","GTCTGTCGTCCGTACG","SNG"
"H8383","GTCTGTCGTTGGTGTT","SNG"
"H2228","GTCTTTAAGACCAGCA","SNG"
"H2228","GTGACGCAGTTGGCTT","SNG"
"A549","GTGACGCGTCGCATTA","SNG"
"A549","GTGAGGAAGCGACTGA","SNG"
"A549","GTGAGGACAGGACTTT","SNG"
"A549","GTGAGGATCTGCTGAA","SNG"
"H8383","GTGATGTCATTGAGCT","SNG"
"A549","GTGCACGCACAATCTG","SNG"
"H1975","GTGCGTGGTTGTTTGG","SNG"
"A549","GTGCTGGGTTATAGAG","SNG"
"H1975","GTGCTTCCAAGCCATT","SNG"
"A549","GTGGAAGAGTAGTCAA","SNG"
"H2228","GTGGAAGCAACACGAG","SNG"
"H1975","GTGGAAGGTGCTGTCG","SNG"
"A549","GTGGAAGTCTACTTCA","SNG"
"A549","GTGGAGACAAATCGGG","SNG"
"H1975","GTGGAGATCATGCGGC","SNG"
"A549","GTGGCGTAGACATATG","SNG"
"HCC827","GTGGCGTCAAAGGGCT","SNG"
"H2228","GTGGCGTCAGAAGCGT","DBL"
"H2228","GTGGCGTGTACTGTTG","DBL"
"H2228","GTGGCGTTCGGAGTGA","SNG"
"H2228","GTGGCGTTCTTGGTGA","SNG"
"H8383","GTGGGAACATCGATGT","SNG"
"HCC827","GTGGGAACATGAGTAA","SNG"
"H8383","GTGGTTATCCTGTACC","SNG"
"HCC827","GTGTAACGTGGGCTTC","SNG"
"HCC827","GTGTCCTAGGCAGCTA","SNG"
"A549","GTGTCCTTCCTCGCAT","SNG"
"H8383","GTGTGATCATAGCTGT","SNG"
"A549","GTGTGGCCAACCACAT","SNG"
"H8383","GTGTGGCTCGTCAGAT","SNG"
"A549","GTGTTAGAGACATCCT","SNG"
"H1975","GTGTTAGAGGTGATCG","SNG"
"H2228","GTGTTAGAGTCACAGG","SNG"
"H2228","GTGTTAGGTGGAACCA","SNG"
"H1975","GTGTTAGTCCTAGCGG","SNG"
"H1975","GTGTTCCGTGTCTTAG","DBL"
"H1975","GTTACAGGTATCATGC","SNG"
"H1975","GTTACAGTCATGAGGG","SNG"
"A549","GTTACCCGTAGGACCA","SNG"
"HCC827","GTTACCCGTCTTCGAA","SNG"
"H1975","GTTACGATCTCTTGCG","SNG"
"A549","GTTAGACAGCTCGTGC","SNG"
"HCC827","GTTAGACAGTGTGTTC","SNG"
"HCC827","GTTAGACTCGAGCTGC","DBL"
"H1975","GTTAGTGAGGGTGAGG","SNG"
"H1975","GTTAGTGCACCCAAGC","SNG"
"H1975","GTTATGGCAACATACC","SNG"
"H1975","GTTCATTCAAGCAGGT","SNG"
"H2228","GTTCCGTGTGATGAAT","SNG"
"H8383","GTTCCGTGTTATGACC","SNG"
"HCC827","GTTCCGTTCGTAACAC","SNG"
"H1975","GTTCGCTCAAGGAGTC","SNG"
"H2228","GTTCTATAGACTTGTC","SNG"
"H1975","GTTCTATCATCGGATT","SNG"
"A549","GTTGAACAGCCGAATG","SNG"
"HCC827","GTTGAACAGGTTCCGC","SNG"
"A549","GTTGAACCACGAGGTA","SNG"
"H1975","GTTGAACCATTGCCTC","SNG"
"HCC827","GTTGCTCTCTAGTCAG","SNG"
"H1975","GTTGTAGCACGGTGCT","SNG"
"A549","GTTGTGAGTAGCTAAA","SNG"
"H1975","GTTGTGATCTGCGGCA","SNG"
"HCC827","GTTTACTCAGGCTATT","DBL"
"H1975","TAACACGAGGTTATAG","SNG"
"H8383","TAACCAGGTCTTCATT","SNG"
"A549","TAACCAGGTTAATCGC","SNG"
"A549","TAACCAGTCTTTCGAT","SNG"
"A549","TAACGACCACAAAGCG","SNG"
"H1975","TAACTTCGTGGCAACA","SNG"
"HCC827","TAAGCCATCCTGTTAT","SNG"
"H2228","TAAGCGTAGCGTCAGA","AMB"
"A549","TAAGCGTAGGATTCCT","SNG"
"H2228","TAAGCGTAGGCAGTCA","SNG"
"H1975","TAAGCGTTCGCCAACG","SNG"
"H2228","TAATCTCAGAGTCTTC","SNG"
"H8383","TAATCTCGTTTGGGAG","DBL"
"H8383","TAATTCCAGGTGCAGT","SNG"
"H1975","TACAACGCACCTCAGG","SNG"
"H1975","TACACCCCAGTTGAAA","SNG"
"H2228","TACACCCGTCAAGCCC","SNG"
"A549","TACACCCTCGGAATTC","SNG"
"H8383","TACAGGTCAGAGAGGG","SNG"
"H1975","TACAGGTCATGACGAG","SNG"
"A549","TACATTCAGTGATTCC","SNG"
"H8383","TACATTCTCTGGGCAC","SNG"
"HCC827","TACCCACCATAGTCAC","SNG"
"HCC827","TACCCACTCGAGTTGT","SNG"
"A549","TACCCGTCACTGGACC","SNG"
"H2228","TACCCGTTCCCTTGTG","DBL"
"HCC827","TACCGAATCGGCAGTC","SNG"
"H8383","TACCTCGCACGCACCA","SNG"
"H1975","TACCTCGGTAGATCCT","SNG"
"H8383","TACCTCGTCATCGTAG","SNG"
"H2228","TACCTGCAGGTCACTT","SNG"
"H1975","TACCTGCTCTGCTAGA","SNG"
"HCC827","TACGCTCCAATGCAAA","SNG"
"H2228","TACGCTCCACAAGTGG","SNG"
"A549","TACGGGCCACCATATG","SNG"
"H1975","TACGGGCCATCCGCGA","DBL"
"H1975","TACGGGCGTTCGAAGG","SNG"
"H2228","TACGGGCTCAAACGAA","SNG"
"H1975","TACGGTACAGAGTTGG","SNG"
"H1975","TACGTCCCAGCGTTTA","SNG"
"H2228","TACTGCCGTACCACGC","SNG"
"H2228","TACTTCAAGAGCAACC","SNG"
"HCC827","TACTTCATCCCTCTAG","SNG"
"HCC827","TACTTCATCCGATCGG","SNG"
"HCC827","TAGACCACACGGCACT","SNG"
"H1975","TAGACCAGTACTCCCT","SNG"
"H1975","TAGACCATCGGCATAT","SNG"
"H1975","TAGACTGCACCCAACG","SNG"
"H8383","TAGAGTCGTTGACGGA","SNG"
"HCC827","TAGATCGGTTACCGTA","SNG"
"A549","TAGGGTTAGGGTCAAC","SNG"
"H1975","TAGGGTTAGGTAACTA","SNG"
"A549","TAGGTACAGCGGGTTA","SNG"
"H1975","TAGGTTGAGCTTTCTT","SNG"
"HCC827","TAGTGCAAGAGATTCA","DBL"
"H2228","TAGTGCAAGCGCTGAA","SNG"
"HCC827","TATACCTAGCTCGTGC","DBL"
"H1975","TATACCTTCACCTTGC","SNG"
"A549","TATATCCTCCGTGTAA","SNG"
"H1975","TATCAGGAGCAAGCCA","SNG"
"H1975","TATCAGGGTGTGTACT","SNG"
"HCC827","TATCCTAAGTCATAGA","SNG"
"A549","TATCCTACAAGCGCTC","SNG"
"HCC827","TATCTTGAGCAACAAT","SNG"
"H2228","TATCTTGCAACTTGGT","SNG"
"H2228","TATCTTGCAATACGAA","SNG"
"H8383","TATGTTCCAGATTCGT","SNG"
"HCC827","TATGTTCTCGAGTGAG","SNG"
"A549","TATTGCTAGCAATTCC","SNG"
"H8383","TATTGCTAGGCAGCTA","SNG"
"HCC827","TATTGCTAGTGCGTCC","SNG"
"A549","TATTGGGAGAGTTCGG","SNG"
"HCC827","TATTTCGTCCAACCAA","SNG"
"HCC827","TATTTCGTCCTCATAT","SNG"
"A549","TATTTCGTCGACGCGT","SNG"
"H8383","TCAAGTGGTTGCTGAT","SNG"
"H1975","TCAAGTGTCTGCTTTA","SNG"
"A549","TCACAAGTCGCTTACC","SNG"
"A549","TCACACCAGTTCGCAT","SNG"
"H8383","TCACACCCACAAGTTC","SNG"
"HCC827","TCACACCCACTCCTGT","SNG"
"H8383","TCACACCCAGCAGTCC","SNG"
"H2228","TCACACCTCTTACGGA","SNG"
"A549","TCACGCTAGTACCATC","SNG"
"A549","TCACGCTGTCTGCAAT","SNG"
"A549","TCACGGGCAGCTTCCT","SNG"
"H8383","TCACTATGTACACTCA","SNG"
"H2228","TCACTCGCATAGGTTC","SNG"
"H1975","TCACTCGTCTAGACCA","SNG"
"H2228","TCACTCGTCTTTCTAG","SNG"
"H1975","TCAGCCTCAATAGTAG","SNG"
"H8383","TCAGCCTGTCAGGCAA","SNG"
"HCC827","TCAGGGCCAAGCTGCC","SNG"
"H8383","TCAGGGCTCTAGAACC","SNG"
"H2228","TCAGTCCCACTGCTTC","SNG"
"H8383","TCAGTCCCATACTGTG","SNG"
"H2228","TCAGTGACAACGGGTA","SNG"
"A549","TCAGTGACATCTTAGG","SNG"
"A549","TCAGTTTGTAGCGCTC","SNG"
"H2228","TCATATCCATTGTGCA","SNG"
"H2228","TCATATCTCTATCGGA","SNG"
"H8383","TCATCATAGCTTAAGA","SNG"
"H2228","TCATCATCAGGATTCT","SNG"
"HCC827","TCATGCCCACTGCGTG","SNG"
"H8383","TCATGCCTCCAGTGTA","SNG"
"H1975","TCATGTTAGGTGATCG","SNG"
"HCC827","TCATTACTCAAACCCA","SNG"
"H1975","TCATTCACAGAACTAA","SNG"
"H8383","TCATTTGCACGACAAG","SNG"
"A549","TCATTTGGTGATGAAT","SNG"
"H2228","TCATTTGTCACGGTCG","SNG"
"H1975","TCCACCATCACTGTTT","SNG"
"H8383","TCCACGTTCAGGCGAA","SNG"
"HCC827","TCCAGAAAGGCACTAG","SNG"
"HCC827","TCCAGAAGTGAACTAA","SNG"
"HCC827","TCCATCGGTTCCTAGA","SNG"
"H8383","TCCATGCGTTGCTCGG","SNG"
"H8383","TCCCAGTCAGTGCGCT","SNG"
"HCC827","TCCCAGTTCTTGTTAC","SNG"
"H1975","TCCGAAAAGCACTTTG","SNG"
"H1975","TCCGATCCAGAGCCCT","SNG"
"H1975","TCCGGGAGTCCTCATC","SNG"
"H8383","TCCGGGAGTGTTAACC","SNG"
"H1975","TCCGGGATCGCAGTGC","SNG"
"H2228","TCCGTGTCAGACATCT","SNG"
"A549","TCCGTGTCAGCCCAGT","SNG"
"H1975","TCCTAATAGTCAGCCC","SNG"
"HCC827","TCCTAATCAGTGGTGA","SNG"
"H2228","TCCTAATGTCTCGACG","SNG"
"HCC827","TCCTCCCCAATCAGCT","SNG"
"H1975","TCCTCCCCACCTCAGG","DBL"
"H1975","TCCTCCCGTGAGATCG","DBL"
"A549","TCCTCCCGTGGAACCA","SNG"
"H8383","TCCTCGAAGGGTGAAA","SNG"
"H1975","TCCTCGACAGAAGCTG","SNG"
"H2228","TCCTCGAGTGTGCTTA","SNG"
"H1975","TCCTGCAAGACCATTC","SNG"
"HCC827","TCCTGCAAGGAACTAT","SNG"
"H2228","TCCTGCAGTAATCAAG","SNG"
"HCC827","TCCTGCAGTAGCCAGA","SNG"
"H1975","TCCTTCTAGTATGGAT","SNG"
"H1975","TCCTTCTGTGTACGCC","SNG"
"H2228","TCCTTTCCACATCCCT","SNG"
"H1975","TCCTTTCCAGATACCT","SNG"
"H1975","TCGAAGTAGCTCTTCC","SNG"
"A549","TCGAAGTGTGGACTGA","SNG"
"H8383","TCGACGGAGTTGGAGC","SNG"
"A549","TCGATTTAGTACAGAT","DBL"
"A549","TCGATTTCAACCTATG","SNG"
"HCC827","TCGATTTTCGTTGTTT","SNG"
"H2228","TCGATTTTCTCCGTGT","SNG"
"HCC827","TCGCACTGTAACATGA","SNG"
"H2228","TCGCACTGTGCCTACG","SNG"
"A549","TCGCACTTCTCAACGA","SNG"
"H1975","TCGCTTGCACCTCGTT","DBL"
"H1975","TCGCTTGGTCGGTGTC","SNG"
"A549","TCGGATATCAATCCGA","SNG"
"H8383","TCGGATATCTGTTCAT","SNG"
"A549","TCGGGACAGCAGTCTT","SNG"
"H8383","TCGGGACCAGTCGCAC","SNG"
"HCC827","TCGGGCACACTGCACG","SNG"
"H1975","TCGGGCACATCTATCT","SNG"
"H2228","TCGGGCATCTCCCATG","SNG"
"A549","TCGGGTGGTCGGATTT","SNG"
"HCC827","TCGGTCTCACAAAGCG","SNG"
"H2228","TCGGTCTGTTTGTGGT","SNG"
"H1975","TCGTAGAAGACTGAGC","SNG"
"A549","TCGTAGAAGGCCGCTT","SNG"
"A549","TCGTAGACATCCGGCA","SNG"
"H2228","TCGTAGATCAACTGGT","SNG"
"HCC827","TCGTGCTTCTGCGTCT","SNG"
"H1975","TCGTGGGAGGTCCGAA","SNG"
"H2228","TCGTGGGGTCCAGCCA","SNG"
"H8383","TCGTGGGTCTCCGAGG","SNG"
"H2228","TCTAACTAGTAGTCTC","SNG"
"H1975","TCTAACTCATTCTCTA","SNG"
"H1975","TCTAACTGTCTTCCGT","SNG"
"A549","TCTACATTCTAGAACC","SNG"
"H2228","TCTACCGCACTTTAGG","DBL"
"H8383","TCTACCGGTTTAGTCG","SNG"
"H8383","TCTATACTCATCGCAA","SNG"
"HCC827","TCTATACTCTTTCAGT","DBL"
"A549","TCTATCAAGCACAAAT","SNG"
"H2228","TCTATCACAGTGTGCC","SNG"
"HCC827","TCTCAGCCACAATGCT","SNG"
"H8383","TCTCCGAAGCCGCACT","SNG"
"H1975","TCTCCGAAGCGGGTAT","SNG"
"H2228","TCTCCGATCCTGGGAC","SNG"
"H2228","TCTCTGGAGGGTTAGC","SNG"
"H2228","TCTCTGGGTTCAAGGG","SNG"
"A549","TCTGCCAGTTCTTGCC","SNG"
"A549","TCTGGCTAGCATGCAG","SNG"
"A549","TCTGGCTCATTCTCCG","SNG"
"HCC827","TCTGTCGCAGCATCTA","SNG"
"H1975","TCTGTCGCAGTGCCTG","SNG"
"H8383","TCTTAGTAGGCAGGTT","SNG"
"H2228","TCTTAGTCAGCACACC","DBL"
"A549","TCTTAGTGTGCGTTTA","SNG"
"H1975","TCTTCCTCAGCACGAA","SNG"
"H2228","TCTTGCGAGGGATCGT","SNG"
"H1975","TCTTTGAAGAATACAC","SNG"
"HCC827","TCTTTGAAGAGACAAG","SNG"
"H1975","TGAACGTGTTAAGGGC","SNG"
"H1975","TGAATCGAGCCTTTCC","SNG"
"HCC827","TGAATCGAGTGCAACG","DBL"
"H1975","TGAATCGGTTCCACAA","SNG"
"H8383","TGAATCGGTTTAGAGA","SNG"
"A549","TGAATGCCACTAGGCC","SNG"
"H8383","TGAATGCTCGTTCGCT","SNG"
"H1975","TGACAGTAGTGTCATC","SNG"
"HCC827","TGACAGTGTCACTTAG","SNG"
"H2228","TGACAGTGTCGCATCG","SNG"
"H1975","TGACCCTTCTAGGAAA","SNG"
"H2228","TGACGCGAGTCTACCA","SNG"
"HCC827","TGACGCGGTTCAGCTA","SNG"
"A549","TGAGACTAGTTGTACC","SNG"
"A549","TGAGACTGTCAGCGTC","SNG"
"A549","TGAGACTTCCTCACGT","SNG"
"A549","TGAGCATAGCAGAAAG","SNG"
"H1975","TGAGCGCCACCTAAAC","SNG"
"H2228","TGAGTCACAAGGTACG","SNG"
"HCC827","TGAGTCAGTGTCCAAT","SNG"
"HCC827","TGAGTCAGTTCTAAGC","SNG"
"HCC827","TGAGTCATCTAGTCAG","SNG"
"A549","TGAGTCATCTGATTCT","DBL"
"HCC827","TGATCTTAGGAGGTTC","SNG"
"H1975","TGATGCACAGAGCTAG","SNG"
"H1975","TGATGCATCTAACGCA","SNG"
"A549","TGATTCTTCGTGTCAA","SNG"
"H1975","TGATTTCTCCGTCAAA","SNG"
"A549","TGCACGGAGCTTTCCC","DBL"
"A549","TGCACGGCACGCCAGT","SNG"
"H1975","TGCACGGGTGGCTACC","SNG"
"H1975","TGCAGGCCACTGAGTT","SNG"
"H8383","TGCAGTAAGCTTCTAG","SNG"
"H8383","TGCAGTACAATCTGCA","SNG"
"A549","TGCAGTACAGAGTGTG","SNG"
"H1975","TGCAGTAGTCTCTCCA","DBL"
"H1975","TGCAGTATCCTGTACC","SNG"
"A549","TGCCGAGAGCGAACTG","SNG"
"H2228","TGCGACGCACGCGCAT","SNG"
"A549","TGCGACGGTGATCATC","SNG"
"HCC827","TGCGATATCATCACAG","SNG"
"A549","TGCGATATCGTTGCCT","SNG"
"H1975","TGCGGCACAATGGCCC","SNG"
"H2228","TGCGGCATCTCACCCA","SNG"
"H8383","TGCGGGTAGACTACGG","SNG"
"H2228","TGCTCCAAGCGGACAT","SNG"
"H1975","TGCTCCATCGGTAGAG","SNG"
"HCC827","TGCTCGTAGCCGATAG","SNG"
"A549","TGCTGAACAGTCTGGC","SNG"
"H1975","TGCTGAATCTACGGTA","SNG"
"H1975","TGCTGAATCTGTGCTC","SNG"
"A549","TGCTTGCTCAATCCAG","SNG"
"A549","TGGAACTAGGAGGGTG","SNG"
"HCC827","TGGAGAGTCTTGGTCC","SNG"
"A549","TGGAGGAAGACCGTTT","SNG"
"H2228","TGGAGGACAGCTTTCC","SNG"
"A549","TGGAGGATCTTACACT","SNG"
"HCC827","TGGATCATCGCGTGAC","SNG"
"HCC827","TGGATGTAGGGTTTCT","DBL"
"H8383","TGGATGTCAATAGGGC","SNG"
"H8383","TGGCGTGGTCGCGGTT","SNG"
"A549","TGGCGTGTCGAATGCT","SNG"
"H2228","TGGGAAGAGAGACAAG","SNG"
"A549","TGGGATTGTCGTGGTC","SNG"
"H8383","TGGGATTGTGCACAAG","SNG"
"H8383","TGGGATTTCGGCGATC","SNG"
"HCC827","TGGGCGTGTGGTCTGC","SNG"
"HCC827","TGGGCGTTCTTGGAAC","DBL"
"A549","TGGGTTAAGGAACGCT","SNG"
"H1975","TGGGTTATCTAGACAC","SNG"
"H1975","TGGTACAAGGTGCATG","SNG"
"HCC827","TGGTACAGTCTCTCAC","SNG"
"H1975","TGGTACATCAATGCAC","SNG"
"H1975","TGGTACATCTTCACGC","SNG"
"H2228","TGGTAGTAGAAACACT","SNG"
"H2228","TGGTAGTAGTAACCTC","SNG"
"HCC827","TGGTAGTGTAAGTTGA","SNG"
"A549","TGGTGATAGTGGCAGT","SNG"
"HCC827","TGGTGATTCCATTGTT","SNG"
"H2228","TGGTTAGGTAGCCAGA","SNG"
"A549","TGTAACGCAGGCGATA","SNG"
"H1975","TGTAAGCGTAGTGCGA","SNG"
"HCC827","TGTACAGAGGAACGAA","SNG"
"H1975","TGTAGACTCGGAATGG","SNG"
"H2228","TGTCAGAAGCGCCATC","SNG"
"HCC827","TGTCAGAAGTTTCAGC","SNG"
"HCC827","TGTCAGATCAAACGAA","SNG"
"A549","TGTCCACAGGGCCCTT","SNG"
"H1975","TGTCCACTCCATTCAT","SNG"
"H1975","TGTCCTGAGGAAGAAC","SNG"
"HCC827","TGTCCTGCATTGTACG","DBL"
"HCC827","TGTCCTGTCCACGTGG","SNG"
"A549","TGTGAGTCAAAGCTCT","SNG"
"H1975","TGTGAGTTCACTTGGA","DBL"
"H2228","TGTGATGAGCGACATG","SNG"
"A549","TGTGATGAGTATCCTG","SNG"
"A549","TGTGTGAAGCCAAGGT","SNG"
"H2228","TGTGTGACATCGAAGG","SNG"
"HCC827","TGTGTGACATGATAGA","DBL"
"H2228","TGTGTGAGTCGCAACC","SNG"
"H1975","TGTGTGAGTCTGTCAA","SNG"
"HCC827","TGTGTGAGTGCAAGAC","SNG"
"HCC827","TGTTACTTCCCGTGAG","DBL"
"H1975","TGTTCATCAGATAAAC","DBL"
"H2228","TGTTCATGTATTGACC","SNG"
"H1975","TGTTCATTCCGAGAAG","SNG"
"H1975","TGTTCCGGTATGTCAC","SNG"
"H1975","TGTTCTACAAGCAGGT","SNG"
"H1975","TGTTCTATCTCCGTGT","SNG"
"H1975","TGTTGAGAGTCGTCTA","SNG"
"H2228","TGTTGGAAGCCTCTTC","SNG"
"H8383","TGTTGGAAGGATGGCT","SNG"
"A549","TGTTGGAGTCGTGTTA","SNG"
"HCC827","TGTTTGTCAGCAGTGA","SNG"
"HCC827","TTAATCCAGGTTCTAC","SNG"
"HCC827","TTACAGGCACTAGGCC","DBL"
"HCC827","TTACAGGCATGATCTG","SNG"
"H8383","TTACCATCATGTCAGT","SNG"
"H2228","TTACCGCTCCGCAGTG","DBL"
"H8383","TTACCGCTCGGACGTC","DBL"
"H2228","TTACGCCCAGCGTTGC","SNG"
"H1975","TTACTGTAGGGTGAGG","SNG"
"A549","TTACTGTCAGAAACCG","SNG"
"H1975","TTACTGTGTGACAACG","SNG"
"HCC827","TTAGGCAAGGGACAGG","SNG"
"H2228","TTAGGCAAGTAAACAC","DBL"
"A549","TTAGGGTAGCGCCTCA","DBL"
"A549","TTAGGGTGTCTAGGTT","SNG"
"H1975","TTAGTCTGTAGCTGCC","SNG"
"H2228","TTAGTCTGTCTACAAC","SNG"
"A549","TTAGTCTTCTTGATTC","SNG"
"H2228","TTATTGCTCGTCTACC","SNG"
"A549","TTCAATCCAGCTGAGA","SNG"
"H8383","TTCAATCGTCTTGCTC","SNG"
"H1975","TTCAATCTCTTCTAAC","SNG"
"H1975","TTCACCGGTATGTCAC","SNG"
"H8383","TTCACCGGTTTGACAC","SNG"
"HCC827","TTCACCGTCCATATGG","SNG"
"H2228","TTCACGCCACCGCTAG","SNG"
"H8383","TTCAGGAAGCCACAAG","SNG"
"HCC827","TTCAGGACATACCAGT","SNG"
"A549","TTCAGGAGTCCAACGC","SNG"
"HCC827","TTCATGTGTCCAGCGT","SNG"
"A549","TTCATTGCACGAGGAT","SNG"
"A549","TTCCAATAGAGAGAAC","SNG"
"H2228","TTCCACGAGCTCGAAG","SNG"
"A549","TTCCACGTCTTGGAAC","SNG"
"H8383","TTCCGGTAGACTGGGT","SNG"
"H1975","TTCCGGTTCTTGGTCC","SNG"
"H1975","TTCCTAACAGTCCGTG","SNG"
"HCC827","TTCCTAATCTCGTCAC","SNG"
"H2228","TTCCTCTTCAGCTAGT","SNG"
"H1975","TTCCTTCAGGGTACGT","SNG"
"A549","TTCCTTCCATGTAACC","SNG"
"A549","TTCGGTCAGATCCGAG","SNG"
"H1975","TTCGGTCGTGGCTGAA","SNG"
"A549","TTCGGTCTCAGCGGAA","SNG"
"H2228","TTCTAACGTATCGTAC","SNG"
"A549","TTCTAGTAGCTAGATA","SNG"
"H2228","TTCTAGTAGGGTCACA","SNG"
"H8383","TTCTAGTGTCTATGAC","SNG"
"H2228","TTCTCTCGTGCAACGA","SNG"
"A549","TTCTGTAAGGTTAAAC","SNG"
"H2228","TTCTGTACAAGGTACG","SNG"
"HCC827","TTCTGTACATTGACCA","DBL"
"H1975","TTCTGTAGTGCAGATG","SNG"
"H1975","TTCTTCCTCCGATCTC","SNG"
"H8383","TTCTTCCTCCGCGATG","SNG"
"H1975","TTCTTGAAGCTTTGTG","SNG"
"HCC827","TTCTTGAGTGAGGATC","SNG"
"H1975","TTCTTGAGTGCATGTT","SNG"
"H8383","TTGAACGGTGACGTCC","SNG"
"HCC827","TTGACCCAGGAACTCG","SNG"
"A549","TTGACCCCACTAGGTT","SNG"
"H2228","TTGAGTGCAGGGCTTC","SNG"
"HCC827","TTGAGTGGTGGAGAAA","SNG"
"A549","TTGATGGAGGACTTCT","SNG"
"H1975","TTGATGGTCAAGAAAC","SNG"
"H8383","TTGCATTAGAATTTGG","SNG"
"H2228","TTGCATTCAGAATCGG","SNG"
"H2228","TTGCCTGAGGAGACCT","SNG"
"H2228","TTGCGTCTCGCATTAG","SNG"
"H1975","TTGCTGCGTTGTGCAT","SNG"
"H8383","TTGGATGAGCCTCAAT","SNG"
"H2228","TTGGATGGTTTCGTTT","SNG"
"H1975","TTGGGATAGAGTGACC","SNG"
"A549","TTGGGATCACTGTCCT","SNG"
"HCC827","TTGGGATTCTCTCTTC","SNG"
"H1975","TTGGGATTCTCTTAAC","SNG"
"H1975","TTGGGTAAGTGCTCGC","SNG"
"HCC827","TTGGGTATCCCTGGTT","SNG"
"H2228","TTGGTTTCACGAAAGC","SNG"
"H1975","TTGTGTTCAAATGGAT","SNG"
"A549","TTGTGTTTCCTAGAGT","SNG"
"HCC827","TTGTTCAAGAATGTTG","SNG"
"HCC827","TTGTTCATCGTAGTGT","SNG"
"H8383","TTGTTGTTCAGTGCGC","SNG"
"A549","TTGTTGTTCTCTCGAC","SNG"
"H2228","TTGTTTGCATACAGGG","SNG"
"H2228","TTGTTTGTCAAATAGG","SNG"
"H1975","TTTACCAAGTCCGCCA","SNG"
"H1975","TTTACCAAGTGAATAC","SNG"
"HCC827","TTTACCAAGTGTAGTA","DBL"
"H1975","TTTACCAGTAGGCAAC","SNG"
"H2228","TTTACCAGTGTCCATA","SNG"
"HCC827","TTTACGTCAAGTTCGT","SNG"
"H8383","TTTACTGCACGTATAC","SNG"
"H2228","TTTACTGTCCGGTAGC","SNG"
"HCC827","TTTAGTCAGAGTCAAT","SNG"
"A549","TTTAGTCCAACCGTAT","SNG"
"A549","TTTAGTCCAGCGGATA","SNG"
"H2228","TTTATGCCAACGTAAA","SNG"
"A549","TTTCACAAGACTACGG","SNG"
"HCC827","TTTCACATCCGTTGGG","DBL"
"H1975","TTTCAGTCACCAGTAT","SNG"
"A549","TTTCAGTTCACTGTTT","SNG"
"A549","TTTCAGTTCGGCATAT","SNG"
"H1975","TTTCCTCAGCCTCAGC","SNG"
"H8383","TTTCCTCAGGCGAACT","SNG"
"H1975","TTTCCTCGTACGTAGG","SNG"
"H2228","TTTGACTGTAATGTGA","SNG"
"H2228","TTTGATCAGCACTCAT","SNG"
"HCC827","TTTGGAGCACAAAGTA","SNG"
"H1975","TTTGGAGCACTTTATC","SNG"
"H2228","TTTGGAGTCCTACACC","SNG"
"HCC827","TTTGGAGTCCTACTGC","SNG"
"H2228","TTTGGTTAGATGCAGC","SNG"
"H8383","TTTGGTTTCTTACGTT","SNG"
"HCC827","TTTGTTGAGGGCGAGA","DBL"
