"cell_id","groups","barcode_seq","count"
"Lib10_000000","HCC827","TAGACCATCCTTCAAT",29954
"Lib10_000001","HCC827","AAGGCAGCATGGGAAC",25911
"Lib10_000002","HCC827","CTCTAATGTACTCTCC",25399
"Lib10_000003","HCC827","GTAGGCCCACTTCTGC",24832
"Lib10_000004","HCC827","TATCAGGTCATCTGCC",23892
"Lib10_000005","H1975","GTAGTCATCGTTTATC",23744
"Lib10_000006","H1975","TAGACCACATCCTAGA",23353
"Lib10_000007","H838","CCGGTAGCACTATCTT",22758
"Lib10_000008","H1975","ATCTACTAGAACAATC",22302
"Lib10_000009","HCC827","GATCGATTCATCGCTC",21721
"Lib10_000010","H838","GTAACTGCATTGGGCC",20736
"Lib10_000011","HCC827","ATTGGACGTGTGAAAT",20329
"Lib10_000012","HCC827","GTCACGGAGGATGGAA",20317
"Lib10_000013","HCC827","CTACGTCAGAATCTCC",20061
"Lib10_000014","HCC827","ATCTACTCAGCTTAAC",19333
"Lib10_000015","H1975","CTTACCGTCTGTACGA",18940
"Lib10_000016","H2228","CGAACATAGATCCCGC",18930
"Lib10_000017","H2228","TGCCAAACAGATCCAT",18745
"Lib10_000018","H1975","CGCGGTACAAAGTCAA",18740
"Lib10_000019","H1975","AAACCTGTCCTTTCTC",18721
"Lib10_000020","H838","GCGCCAAGTTGTACAC",18576
"Lib10_000021","HCC827","CGTTGGGAGAGGGATA",18485
"Lib10_000022","H838","ACGGAGAGTTAAAGTG",18463
"Lib10_000023","HCC827","ACGTCAAGTTTAAGCC",18144
"Lib10_000024","HCC827","CGTCTACTCCGCATAA",18099
"Lib10_000025","H838","TGCGCAGCAGCCACCA",17885
"Lib10_000026","HCC827","CTCTGGTAGTCCTCCT",17681
"Lib10_000027","H2228","CAGATCACAAAGTCAA",17679
"Lib10_000028","A549","ACTATCTAGGGAGTAA",17432
"Lib10_000029","H1975","CATTATCTCCAGTAGT",17361
"Lib10_000030","H838","CAGATCATCCGTTGTC",17303
"Lib10_000031","H838","CAAGAAATCTGTCAAG",17266
"Lib10_000032","H838","TCAGCTCAGTCACGCC",17261
"Lib10_000033","H2228","ACTATCTGTCATTAGC",17047
"Lib10_000034","H838","CATCAAGAGCCCGAAA",16919
"Lib10_000035","H1975","GGATGTTAGCCGGTAA",16750
"Lib10_000036","H838","CCTTTCTGTCATGCAT",16583
"Lib10_000037","H838","TTAACTCCATCCGTGG",16573
"Lib10_000038","H838","TACGGTAAGAAGGACA",16480
"Lib10_000039","H838","GGGTTGCTCATCGGAT",16335
"Lib10_000040","H838","GCAGCCATCATGCATG",16281
"Lib10_000041","HCC827","CCTACCAAGCCGTCGT",16024
"Lib10_000042","HCC827","ATCACGACAGGGTTAG",15959
"Lib10_000043","HCC827","ACACTGATCTTTCCTC",15959
"Lib10_000044","HCC827","CTGATAGTCTCGATGA",15919
"Lib10_000045","H838","CAGCTGGTCAACCAAC",15854
"Lib10_000046","H2228","CTACACCGTACATCCA",15800
"Lib10_000047","HCC827","AGAATAGCAATCGGTT",15797
"Lib10_000048","H1975","CATTATCGTGGGTATG",15640
"Lib10_000049","H838","GGGAATGCACCAGGTC",15634
"Lib10_000050","H838","ACCTTTACATGGGAAC",15530
"Lib10_000051","H838","CCGTACTAGTCTTGCA",15362
"Lib10_000052","H838","AAGACCTTCACAAACC",15294
"Lib10_000053","H1975","TGCCCTATCGTTTGCC",15121
"Lib10_000054","H838","CCTTCCCGTACAGACG",15106
"Lib10_000055","A549","AAATGCCTCGGTCCGA",15055
"Lib10_000056","HCC827","GTAGGCCCAAGGCTCC",14978
"Lib10_000057","H838","GTTAAGCTCCCTTGCA",14976
"Lib10_000058","H838","CACCTTGAGACAAGCC",14918
"Lib10_000059","HCC827","GTATCTTAGAGGGCTT",14910
"Lib10_000060","H838","AGCGGTCTCAACGCTA",14908
"Lib10_000061","A549","CTCATTAGTGCGAAAC",14905
"Lib10_000062","HCC827","CTTACCGAGTGCGTGA",14495
"Lib10_000063","H838","GCAGCCACAGTACACT",14453
"Lib10_000064","H838","CGAGAAGAGACGCTTT",14343
"Lib10_000065","H838","GAACCTAGTTGACGTT",14312
"Lib10_000066","HCC827","TGACAACCACTGTGTA",14300
"Lib10_000067","H2228","GCGCAACAGCCAGTAG",14278
"Lib10_000068","H838","CTAAGACGTTCAGTAC",14274
"Lib10_000069","A549","CAGCCGACAAGCCGTC",14274
"Lib10_000070","HCC827","CACCACTGTCGTCTTC",14180
"Lib10_000071","H2228","CTTCTCTCACGTGAGA",14139
"Lib10_000072","H838","TATCAGGTCTTAGCCC",14131
"Lib10_000073","A549","TCGGTAATCCCGGATG",14087
"Lib10_000074","H1975","AGAGCGATCAGTCAGT",14085
"Lib10_000075","H2228","GTTTCTAGTTGTTTGG",14002
"Lib10_000076","HCC827","GGGCATCTCCCTTGCA",13972
"Lib10_000077","HCC827","CGATGTAAGCAGCGTA",13833
"Lib10_000078","H838","TACGGATTCAGTACGT",13797
"Lib10_000079","H838","ATCGAGTTCAACGGCC",13696
"Lib10_000080","H2228","GGCGTGTCACCTATCC",13639
"Lib10_000081","HCC827","ATTTCTGAGACGCTTT",13628
"Lib10_000082","H838","GTACGTATCTGTACGA",13592
"Lib10_000083","HCC827","ACAGCCGCAATGAAAC",13555
"Lib10_000084","HCC827","CGGTTAAGTTAAAGAC",13547
"Lib10_000085","A549","GACACGCAGTCAAGGC",13541
"Lib10_000086","H838","TACCTATCACATCCAA",13505
"Lib10_000087","HCC827","GGCTCGAGTTGCTCCT",13502
"Lib10_000088","H838","GCGCAGTTCAGGCGAA",13492
"Lib10_000089","H1975","AGCGGTCGTACTTCTT",13492
"Lib10_000090","H838","ACGGGCTAGTGGAGAA",13472
"Lib10_000091","H838","AATCGGTCAGATCGGA",13456
"Lib10_000092","H1975","TATCAGGTCTTCCTTC",13387
"Lib10_000093","H1975","CACACTCAGGAGTTGC",13372
"Lib10_000094","H838","CCTACCAGTACCGGCT",13308
"Lib10_000095","HCC827","CGAGAAGGTACCGCTG",13302
"Lib10_000096","H1975","GCGGGTTTCTGCAAGT",13133
"Lib10_000097","H2228","ATGAGGGGTCCAGTTA",13131
"Lib10_000098","H1975","CACACTCAGTAGATGT",13072
"Lib10_000099","H838","GATCTAGCAAATACAG",12992
"Lib10_000100","H2228","TGCCCATGTCAATACC",12942
"Lib10_000101","H838","GTGCATAGTAAACACA",12913
"Lib10_000102","H838","ATGAGGGAGACTTTCG",12889
"Lib10_000103","H2228","GAAATGAGTTGATTGC",12873
"Lib10_000104","H838","TCGCGAGGTACTTAGC",12825
"Lib10_000105","H2228","GCATGTAAGTGAACGC",12776
"Lib10_000106","H838","ATGCGATTCACCTTAT",12739
"Lib10_000107","H838","CTACGTCGTCGACTAT",12673
"Lib10_000108","A549","CCACCTAAGCAGGCTA",12580
"Lib10_000109","HCC827","GTGCTTCCAGCTGGCT",12542
"Lib10_000110","HCC827","AAGCCGCGTACCGTAT",12502
"Lib10_000111","H838","AGTGGGAGTCTGATTG",12442
"Lib10_000112","H1975","ATGGGAGGTGCACCAC",12396
"Lib10_000113","HCC827","GTATTCTGTAAAGGAG",12388
"Lib10_000114","H2228","CGCTTCAAGGGAAACA",12280
"Lib10_000115","H2228","ATTCTACAGACCTTTG",12270
"Lib10_000116","H838","CGTAGGCCACGCATCG",12251
"Lib10_000117","H838","TACGGATGTCACCCAG",12249
"Lib10_000118","H838","GACTGCGTCTCTAAGG",12237
"Lib10_000119","HCC827","CCGTACTCAAAGCGGT",12120
"Lib10_000120","H838","GTTCATTCAATGTTGC",12114
"Lib10_000121","H2228","CTTAACTAGGACATTA",12022
"Lib10_000122","HCC827","GGAGCAATCACAGTAC",12018
"Lib10_000123","H838","CGTAGCGTCTTGTCAT",11989
"Lib10_000124","A549","CTCGGAGCAACTGCTA",11906
"Lib10_000125","HCC827","CATGGCGCATTAGGCT",11876
"Lib10_000126","H838","ACCCACTCAAGGCTCC",11853
"Lib10_000127","H838","GGTGTTACAACACGCC",11797
"Lib10_000128","H838","ACCGTAAGTCCGTCAG",11758
"Lib10_000129","H838","GTGTTAGCAGCGATCC",11745
"Lib10_000130","H2228","TTCGAAGAGTGATCGG",11738
"Lib10_000131","H2228","TCACAAGAGCAGATCG",11722
"Lib10_000132","H2228","CCACTACGTCACAAGG",11707
"Lib10_000133","H2228","AAGGCAGGTCTCTTAT",11699
"Lib10_000134","H2228","ATCCACCCAGACAAAT",11681
"Lib10_000135","H838","AGGGAGTGTAGAAAGG",11656
"Lib10_000136","H2228","ACACCGGCATTTCACT",11629
"Lib10_000137","H2228","TTTATGCCAGCCAGAA",11612
"Lib10_000138","A549","GTATCTTCAGTATGCT",11603
"Lib10_000139","HCC827","ATTGGACTCATCACCC",11528
"Lib10_000140","HCC827","GGGCACTAGACAGGCT",11501
"Lib10_000141","H838","TGGGAAGCAGGACGTA",11499
"Lib10_000142","HCC827","GTTCATTCACATTCGA",11447
"Lib10_000143","HCC827","GATGCTAGTACAGCAG",11427
"Lib10_000144","A549","GTCACAACATTGAGCT",11341
"Lib10_000145","H838","TATTACCTCATGTCTT",11332
"Lib10_000146","HCC827","CTTACCGTCCGTAGGC",11332
"Lib10_000147","H838","TTTCCTCGTGCCTGTG",11252
"Lib10_000148","H1975","TCAGGTACACAGTCGC",11247
"Lib10_000149","HCC827","ACACCAATCTGCGGCA",11247
"Lib10_000150","H2228","TCACGAATCATCGATG",11204
"Lib10_000151","H838","TCAGATGTCTGGAGCC",11203
"Lib10_000152","H1975","CAAGAAATCCCGGATG",11128
"Lib10_000153","A549","GCGCCAACAATAAGCA",11117
"Lib10_000154","H838","TGGGCGTCAGTACACT",11075
"Lib10_000155","H1975","CGACTTCAGACTTGAA",10987
"Lib10_000156","A549","TGCCCATAGTTTCCTT",10891
"Lib10_000157","H2228","AACCATGCACCTTGTC",10863
"Lib10_000158","A549","GGAAAGCGTGCACTTA",10770
"Lib10_000159","H1975","GGAATAAGTACATGTC",10745
"Lib10_000160","HCC827","CTACCCATCTTAGCCC",10740
"Lib10_000161","H2228","TAAGTGCAGAGTAATC",10734
"Lib10_000162","A549","TTCGGTCGTATCAGTC",10726
"Lib10_000163","H2228","GGACAAGCAGACGCCT",10681
"Lib10_000164","A549","GACTACATCCTTTCGG",10612
"Lib10_000165","H2228","GACACGCAGTCCCACG",10567
"Lib10_000166","H838","CCTTTCTAGCGTGAGT",10565
"Lib10_000167","H838","TCTGAGACAGATCGGA",10486
"Lib10_000168","H2228","GCTGCGAGTGTAAGTA",10469
"Lib10_000169","A549","GGAAAGCCAAGGCTCC",10418
"Lib10_000170","A549","CCTCTGAGTAGCGTCC",10415
"Lib10_000171","H2228","TTTATGCAGATTACCC",10412
"Lib10_000172","H838","ATTCTACCACTTGGAT",10393
"Lib10_000173","A549","GCATGCGGTTCAGCGC",10382
"Lib10_000174","A549","GTCATTTAGTGTCTCA",10347
"Lib10_000175","H1975","GTTCTCGAGCTGTCTA",10318
"Lib10_000176","A549","AAAGCAATCACAACGT",10292
"Lib10_000177","A549","CGTAGCGGTACTTAGC",10274
"Lib10_000178","H2228","TACCTATTCGTCACGG",10241
"Lib10_000179","A549","GCAGCCAGTAGAAAGG",10231
"Lib10_000180","H1975","AGGCCACAGTATTGGA",10231
"Lib10_000181","H2228","CAGGTGCTCTCAAACG",10222
"Lib10_000182","H2228","ACGCCAGGTTGGACCC",10195
"Lib10_000183","A549","CCTATTACAAGTTCTG",10174
"Lib10_000184","H838","TTCTTAGTCTTCAACT",10171
"Lib10_000185","H1975","TGAGCATGTTATGTGC",10149
"Lib10_000186","H838","GGCCGATGTCTAGCCG",10141
"Lib10_000187","H2228","CTGATCCGTTGGTGGA",10131
"Lib10_000188","H2228","TACCTTATCTTCATGT",10124
"Lib10_000189","HCC827","CGATGGCGTTTAAGCC",10107
"Lib10_000190","H2228","ACGGAGATCCCTGACT",10057
"Lib10_000191","H1975","CACAGGCTCAGCACAT",10052
"Lib10_000192","H2228","GCAGCCAGTTTAAGCC",10022
"Lib10_000193","H838","CACCAGGAGTGAATTG",10006
"Lib10_000194","A549","GCAGTTATCGACCAGC",9973
"Lib10_000195","H1975","AGATCTGAGGAGTAGA",9955
"Lib10_000196","HCC827","ATAACGCCAAGGCTCC",9928
"Lib10_000197","H2228","CTCTAATCAATTGCTG",9874
"Lib10_000198","H2228","TGCGTGGCACAACGTT",9872
"Lib10_000199","A549","AAAGTAGCAACGATCT",9859
"Lib10_000200","H838","TAGTGGTAGTTTAGGA",9822
"Lib10_000201","A549","GTACTCCAGGGATGGG",9821
"Lib10_000202","HCC827","GGAATAATCTCGCTTG",9821
"Lib10_000203","A549","AGGCCGTTCTCTTATG",9806
"Lib10_000204","H2228","CGTCCATGTAGAGCTG",9780
"Lib10_000205","H2228","CTGATCCGTAAACCTC",9768
"Lib10_000206","H2228","AGTGGGATCACGCGGT",9749
"Lib10_000207","H2228","TTTGCGCGTCGAAAGC",9713
"Lib10_000208","A549","ACTGAACTCTTTACAC",9712
"Lib10_000209","H838","GGCAATTCATAAGACA",9679
"Lib10_000210","H1975","GTATCTTGTGATGTGG",9673
"Lib10_000211","H838","CTCAGAAGTTTGCATG",9663
"Lib10_000212","H2228","ATTACTCTCATTGCGA",9645
"Lib10_000213","H2228","CCTTCGACACGAGGTA",9641
"Lib10_000214","H2228","TGTGTTTGTTAGGGTG",9631
"Lib10_000215","H2228","GCTGCGACAGCTGCTG",9631
"Lib10_000216","H2228","ACGGGTCAGTCTCAAC",9631
"Lib10_000217","A549","ACGGGTCTCGTACCGG",9596
"Lib10_000218","A549","AACCGCGAGACGCAAC",9524
"Lib10_000219","H1975","GAATAAGAGCTAGTTC",9487
"Lib10_000220","A549","CTAATGGAGATGCCTT",9479
"Lib10_000221","H1975","TGGGCGTGTGATAAGT",9427
"Lib10_000222","A549","AGTCTTTGTCGGCATC",9384
"Lib10_000223","HCC827","CGGCTAGTCCCTAACC",9352
"Lib10_000224","A549","GAAATGAAGCTAGTCT",9350
"Lib10_000225","A549","CATTCGCAGACATAAC",9349
"Lib10_000226","H2228","TTAGTTCGTATCAGTC",9331
"Lib10_000227","A549","TTAGGACCAGTCAGCC",9281
"Lib10_000228","H1975","CGCGTTTAGGATATAC",9247
"Lib10_000229","HCC827","TTTACTGAGAAGCCCA",9180
"Lib10_000230","H838","CGCTGGAAGGCGACAT",9119
"Lib10_000231","A549","AGGCCACTCCGCGGTA",9088
"Lib10_000232","A549","CATCAAGAGGGAAACA",9084
"Lib10_000233","H1975","CGACTTCAGCTGTCTA",9078
"Lib10_000234","H2228","AACTCAGGTATCAGTC",9070
"Lib10_000235","H838","TGGGAAGAGAAGGCCT",9066
"Lib10_000236","H838","TGACAACCATTCCTGC",8966
"Lib10_000237","H2228","ACCGTAAGTCAGTGGA",8951
"Lib10_000238","H838","AAGTCTGTCCTGCAGG",8946
"Lib10_000239","H838","TGAGCATCAGATGAGC",8931
"Lib10_000240","HCC827","TTATGCTGTTGGTGGA",8922
"Lib10_000241","H838","CTCCTAGTCAGAGCTT",8879
"Lib10_000242","A549","CGCTTCATCCACGTGG",8856
"Lib10_000243","HCC827","CACACCTGTTCCCGAG",8840
"Lib10_000244","A549","GGATTACGTAAAGTCA",8831
"Lib10_000245","HCC827","AAAGTAGAGGCGCTCT",8813
"Lib10_000246","H2228","GCTGCTTGTTCTCATT",8710
"Lib10_000247","H1975","TACTCGCAGCTGTCTA",8697
"Lib10_000248","H1975","AGTGAGGTCTAACTTC",8674
"Lib10_000249","H2228","AGAGTGGGTACTTCTT",8647
"Lib10_000250","A549","CATATTCCAAGCGTAG",8642
"Lib10_000251","A549","AGCCTAAAGCGATGAC",8625
"Lib10_000252","H1975","AACTCAGTCGACAGCC",8560
"Lib10_000253","A549","AGGTCATAGCCCTAAT",8546
"Lib10_000254","A549","CGATTGACAACACCCG",8502
"Lib10_000255","H1975","ACCTTTACAGTAAGAT",8473
"Lib10_000256","H1975","GTCGGGTCATTAGCCA",8457
"Lib10_000257","A549","CGTCAGGCAAATCCGT",8363
"Lib10_000258","A549","CGTCCATGTGAGGCTA",8325
"Lib10_000259","A549","GCTCTGTCAGGTGCCT",8291
"Lib10_000260","HCC827","CTTAACTAGCGATCCC",8290
"Lib10_000261","A549","GGAAAGCAGTTGTAGA",8226
"Lib10_000262","A549","CGTAGGCTCCTGCTTG",8182
"Lib10_000263","A549","GTGGGTCGTACGAAAT",8177
"Lib10_000264","A549","CTGTGCTGTGCGAAAC",8172
"Lib10_000265","A549","CGAACATAGGAGTCTG",8165
"Lib10_000266","H1975","CTCGGAGAGGAGTCTG",8140
"Lib10_000267","HCC827","CTGTTTAGTCGCGGTT",8139
"Lib10_000268","H2228","GTGGGTCCAAAGGCGT",8134
"Lib10_000269","A549","CGGCTAGAGAGTCTGG",8112
"Lib10_000270","A549","TACGGTATCCCATTAT",8111
"Lib10_000271","H1975","TCGGTAACACCAGATT",8061
"Lib10_000272","H838","CTGAAGTCATGGATGG",7991
"Lib10_000273","H2228","CAACCTCCATTGGCGC",7973
"Lib10_000274","A549","TACTCATAGCCGCCTA",7918
"Lib10_000275","A549","CCGGTAGGTTCTGGTA",7913
"Lib10_000276","A549","CCTTCGAGTAAATACG",7907
"Lib10_000277","H1975","CCGGTAGGTTCGTGAT",7894
"Lib10_000278","A549","TGCTACCTCAGGATCT",7879
"Lib10_000279","H2228","TACACGAGTATCTGCA",7862
"Lib10_000280","H838","AACTGGTAGTCGATAA",7859
"Lib10_000281","H1975","GGATGTTGTTAAAGTG",7856
"Lib10_000282","A549","ATCGAGTAGCTGATAA",7834
"Lib10_000283","HCC827","TACTTACCAAGTCTGT",7822
"Lib10_000284","A549","GACTGCGAGGCTACGA",7817
"Lib10_000285","A549","CACCTTGCATCACCCT",7805
"Lib10_000286","A549","GTCCTCAGTTATTCTC",7791
"Lib10_000287","A549","CCTCAGTGTGCCTGCA",7752
"Lib10_000288","A549","CCATGTCCATTTCACT",7718
"Lib10_000289","HCC827","CTACCCAAGAGTGACC",7691
"Lib10_000290","A549","ATTGGTGGTACCGTTA",7672
"Lib10_000291","HCC827","CTACACCGTCATATGC",7617
"Lib10_000292","H2228","CATCAGACACCCATGG",7617
"Lib10_000293","HCC827","GGCAATTGTCGCGTGT",7545
"Lib10_000294","A549","GTGTGCGCATAAGACA",7529
"Lib10_000295","A549","TTGCCGTCAACTGCGC",7523
"Lib10_000296","HCC827","TACTCATAGGTACTCT",7467
"Lib10_000297","A549","ACATACGTCAGCCTAA",7458
"Lib10_000298","H838","CAGCGACTCGGTCCGA",7457
"Lib10_000299","A549","TGGCCAGTCGCGTAGC",7368
"Lib10_000300","A549","CTGAAACCACACTGCG",7359
"Lib10_000301","A549","GCTCTGTAGAACAACT",7341
"Lib10_000302","H838","TGAGCCGGTAGAGCTG",7308
"Lib10_000303","A549","TTGACTTCAACCGCCA",7290
"Lib10_000304","A549","CACACTCAGCAGGCTA",7255
"Lib10_000305","H2228","CAGCCGAGTGATGCCC",7228
"Lib10_000306","A549","CGAGCCAAGTAACCCT",7198
"Lib10_000307","A549","CTCTAATCATCGACGC",7192
"Lib10_000308","A549","CCGTGGAGTAACGCGA",7126
"Lib10_000309","A549","GGAAAGCCAAGTCTAC",7125
"Lib10_000311","A549","AGGGATGTCAGTCAGT",7111
"Lib10_000312","H2228","TGTGGTAGTTCAACCA",7089
"Lib10_000313","H2228","CTTAACTCACCTCGTT",7048
"Lib10_000314","H1975","ACGGGCTAGAATTGTG",7045
"Lib10_000315","A549","CAGTAACCACCACCAG",7038
"Lib10_000316","H2228","GAAACTCTCCCAAGAT",7036
"Lib10_000317","A549","GTGAAGGCAAGTAGTA",7023
"Lib10_000318","HCC827","AGAATAGGTGTAATGA",7012
"Lib10_000319","A549","TTAACTCAGCGAGAAA",6954
"Lib10_000320","A549","TCTATTGCAACTGGCC",6874
"Lib10_000321","A549","TTGACTTGTAGGCTGA",6858
"Lib10_000322","H2228","TCTGAGATCACAGGCC",6795
"Lib10_000323","H838","CTCGTCAGTTTGACAC",6788
"Lib10_000324","A549","CCTTTCTCATTGGCGC",6787
"Lib10_000325","H838","TGCTACCAGTTCCACA",6776
"Lib10_000326","A549","CGGACTGCACACATGT",6714
"Lib10_000327","A549","AACTCAGAGGCGACAT",6689
"Lib10_000328","A549","CCTAGCTGTCTTCTCG",6679
"Lib10_000329","A549","CCGGGATCAAGAGGCT",6671
"Lib10_000330","H1975","AGGTCATCATCGTCGG",6666
"Lib10_000331","A549","GCACTCTCAATACGCT",6643
"Lib10_000332","H838","TACTCATCAAGCGAGT",6621
"Lib10_000333","A549","CAGCTGGAGTACTTGC",6591
"Lib10_000334","H2228","ACATCAGTCCCTAACC",6587
"Lib10_000335","H838","CGAGCCATCTCAACTT",6571
"Lib10_000336","A549","AGGTCCGTCTATCCTA",6569
"Lib10_000337","A549","AGGTCCGCAGGGATTG",6566
"Lib10_000339","A549","ACCCACTAGCCCTAAT",6508
"Lib10_000340","A549","CCGTTCAAGCTAGTCT",6497
"Lib10_000341","A549","AGAGCGAAGGAACTGC",6404
"Lib10_000342","H838","TAAGCGTTCGATAGAA",6387
"Lib10_000343","H1975","GATCGTACAGCTTCGG",6356
"Lib10_000344","A549","ACGATGTTCTAGCACA",6329
"Lib10_000345","A549","AACTCAGAGTGCGATG",6312
"Lib10_000346","A549","TCCACACAGACCGGAT",6270
"Lib10_000347","HCC827","TAGTTGGAGGCATGGT",6234
"Lib10_000348","H1975","CAAGTTGGTCTAGTGT",6203
"Lib10_000349","A549","TTTGTCACAGACGCAA",6139
"Lib10_000350","A549","CTCTACGAGGGAACGG",6115
"Lib10_000351","A549","GTCGTAAGTCCATCCT",6098
"Lib10_000352","A549","TGCGGGTTCCGCAGTG",6093
"Lib10_000353","H1975","ATGTGTGAGTACATGA",6082
"Lib10_000354","A549","TCAGGATGTCAGATAA",6002
"Lib10_000355","H838","CGAATGTTCTCGCATC",5919
"Lib10_000356","HCC827","CTCTACGCAGTAACGG",5918
"Lib10_000357","A549","GGACATTAGCGACGTA",5910
"Lib10_000358","H1975","ACGGAGACAGGGTACA",5894
"Lib10_000359","H1975","TGAAAGAGTGCGCTTG",5882
"Lib10_000360","H838","GCTGCAGTCAATCTCT",5821
"Lib10_000361","H2228","TGTATTCTCCGTTGCT",5818
"Lib10_000362","H838","GCGCAGTTCAAAGACA",5728
"Lib10_000363","A549","CTGTTTAAGGTGGGTT",5720
"Lib10_000364","HCC827","TACTTGTTCATCACCC",5703
"Lib10_000365","A549","AAGCCGCAGAGCCCAA",5642
"Lib10_000366","H838","CCGTTCATCAAGGTAA",5598
"Lib10_000367","HCC827","TTGCGTCCACAGAGGT",5588
"Lib10_000368","A549","CAGCCGACACACATGT",5549
"Lib10_000369","H838","GTTCATTGTAAACACA",5513
"Lib10_000370","A549","ATCATGGCATACTCTT",5482
"Lib10_000371","A549","GAAATGATCTTTACGT",5443
"Lib10_000372","H2228","TGAGCATTCTCACATT",5407
"Lib10_000374","H838","ATGGGAGGTCTTCAAG",5366
"Lib10_000375","H2228","TGACTTTGTATAATGG",5360
"Lib10_000376","A549","GTCAAGTTCAAAGTAG",5352
"Lib10_000377","A549","AGGTCCGGTCGAACAG",5340
"Lib10_000378","A549","CTGTGCTCATGTTCCC",5338
"Lib10_000379","H838","TAAGTGCCAAGAGTCG",5306
"Lib10_000380","H838","CATTCGCAGGTACTCT",5305
"Lib10_000381","A549","TTCTCCTTCTCGCTTG",5293
"Lib10_000382","H2228","CGTTAGAAGCTCAACT",5292
"Lib10_000383","HCC827","GTCGGGTGTTCTCATT",5266
"Lib10_000384","A549","ACGAGCCGTCGCTTTC",5241
"Lib10_000385","H2228","ACTGCTCTCACCTCGT",5196
"Lib10_000386","H838","GTCACGGTCACCATAG",5192
"Lib10_000387","H2228","GCATACAGTGCTAGCC",5188
"Lib10_000388","HCC827","TAGGCATAGAGCTTCT",5095
"Lib10_000389","H2228","ACCCACTAGGCTACGA",5091
"Lib10_000390","H838","GGGACCTCAAGCCTAT",5031
"Lib10_000391","H838","TCTCATATCACTCCTG",5030
"Lib10_000392","HCC827","GTTCGGGGTACTTGAC",4937
"Lib10_000393","H2228","AACCGCGAGTCGAGTG",4876
"Lib10_000394","H2228","AATCCAGTCACGCATA",4864
"Lib10_000395","A549","GACCTGGAGTAGTGCG",4757
"Lib10_000396","A549","CGAGCCAGTCCAACTA",4736
"Lib10_000397","H838","TTAGGCAAGTCATGCT",4734
"Lib10_000398","H1975","GCTTGAACAATGGTCT",4721
"Lib10_000399","HCC827","AACACGTTCCACGTTC",4680
"Lib10_000400","H2228","CTACGTCAGCGTCTAT",4628
"Lib10_000401","A549","CGTCACTTCTAACTGG",4568
"Lib10_000402","H2228","AAGCCGCAGCGGATCA",4555
"Lib10_000403","A549","CCCAATCAGTCGAGTG",4552
"Lib10_000404","H2228","GAACGGATCGCGTTTC",4535
"Lib10_000405","H2228","GACGCGTTCAGTTGAC",4525
"Lib10_000406","HCC827","GGCGTGTAGTCCAGGA",4499
"Lib10_000407","H2228","TCGTACCCAACACCTA",4459
"Lib10_000408","H1975","CTAGCCTCATGTCGAT",4434
"Lib10_000410","H838","GTTCTCGGTACTCTCC",4411
"Lib10_000411","H838","CTACATTGTGTTGAGG",4396
"Lib10_000412","H2228","GTGGGTCTCAGGCCCA",4377
"Lib10_000413","H2228","TGGACGCAGCCACCTG",4375
"Lib10_000414","H838","TTAGGCATCTCTTATG",4348
"Lib10_000416","H1975","GCGGGTTCACGGTAGA",4332
"Lib10_000417","H838","CGGCTAGGTGAAAGAG",4294
"Lib10_000418","A549","CATTCGCGTCTCCACT",4269
"Lib10_000419","H838","CCATGTCGTGAGCGAT",4254
"Lib10_000421","H2228","ATCATCTGTTTGTGTG",4234
"Lib10_000422","H1975","TTGGAACTCTGAGTGT",4065
"Lib10_000423","H2228","CCTTCCCTCAGAGACG",4036
"Lib10_000424","H838","CCTCTGAAGACCCACC",4015
"Lib10_000425","A549","AGGGTGAGTATCTGCA",3985
"Lib10_000427","A549","TGAAAGATCTTGACGA",3947
"Lib10_000428","A549","TACACGACAAGCGATG",3944
"Lib10_000429","H2228","ACGGGTCCAAGTTGTC",3923
"Lib10_000430","A549","GACCAATCACCTTGTC",3918
"Lib10_000431","H2228","GAGTCCGCAAGAAAGG",3916
"Lib10_000432","A549","ACGGAGATCATGCTCC",3806
"Lib10_000433","A549","ATGGGAGCAGAGTGTG",3786
"Lib10_000434","H838","CGCGGTAAGCAACGGT",3773
"Lib10_000435","HCC827","CACAGTATCTATCCCG",3744
"Lib10_000436","A549","AACTGGTTCTGCGACG",3698
"Lib10_000439","H838","CTGCTGTGTGCCTGTG",3561
"Lib10_000440","A549","AGACGTTAGAGATGAG",3553
"Lib10_000441","H838","GCGCAGTGTCGGGTCT",3523
"Lib10_000442","A549","CCCAATCAGTTACGGG",3500
"Lib10_000443","H1975","GGTGTTAAGAGGTTGC",3462
"Lib10_000446","A549","GGGTTGCCACCCAGTG",3301
"Lib10_000447","H838","CAACCTCAGAGCTATA",3282
"Lib10_000448","A549","ATCCGAAGTTGAACTC",3267
"Lib10_000449","A549","CTCATTATCTCTAGGA",3243
"Lib10_000450","A549","CTCGGAGTCACCCGAG",3152
"Lib10_000452","A549","GTCGGGTCACCCTATC",3026
"Lib10_000453","A549","GGTGCGTCAGGGAGAG",3025
"Lib10_000454","A549","TGCGCAGAGATAGGAG",3022
"Lib10_000456","H2228","TACAGTGAGCTGCGAA",2929
"Lib10_000457","A549","CGACTTCCAGTGAGTG",2917
"Lib10_000458","A549","TGGCGCAAGCTTATCG",2849
"Lib10_000459","A549","CACCTTGAGCACAGGT",2817
"Lib10_000460","H838","AGAGCGATCCTCATTA",2775
"Lib10_000461","A549","TCAGGTACACGGCTAC",2712
"Lib10_000462","A549","ACCGTAAAGGAGTTTA",2674
"Lib10_000465","A549","ATCGAGTTCTTCGAGA",2505
"Lib10_000466","A549","GTTTCTAAGCCATCGC",2406
"Lib10_000467","A549","TGGGAAGGTGGTGTAG",2344
"Lib10_000468","A549","AGACGTTGTCGAAAGC",2229
"Lib10_000471","A549","CTCATTAGTAAATGAC",2059
"Lib10_000473","A549","CGTAGGCGTCTCGTTC",1841
"Lib10_000476","A549","TAGAGCTAGCACCGTC",1657
"Lib10_000477","H1975","CTGCGGATCCCTCAGT",1604
"Lib10_000478","A549","GGGAGATCAGCTCCGA",1564
